,trade_id,trade_date,security_id,trader_id,trade_type,quantity,price,last_modified_ts,trade_value
0,100224,2026-05-19,1,6,SELL,500,1155.56,2026-05-19 17:43:00,577780.0
1,100137,2026-05-13,2,4,BUY,4200,2688.04,2026-05-13 16:59:00,11289768.0
2,100112,2026-05-11,5,6,BUY,4100,2798.81,2026-05-11 16:06:00,11475121.0
3,100496,2026-06-09,8,2,BUY,4000,2038.49,2026-06-09 12:41:00,8153960.0
4,100254,2026-05-22,5,1,BUY,1900,1238.77,2026-05-22 09:55:00,2353663.0
5,100276,2026-05-25,2,5,BUY,2000,652.2,2026-05-25 14:59:00,1304400.0
6,100263,2026-05-22,6,3,SELL,3700,248.78,2026-05-22 11:43:00,920486.0
7,100282,2026-05-25,5,6,SELL,3100,896.88,2026-05-25 15:19:00,2780328.0
8,100521,2026-06-11,6,3,BUY,500,1192.52,2026-06-11 15:10:00,596260.0
9,100359,2026-05-29,6,2,SELL,2100,1412.49,2026-05-29 12:47:00,2966229.0
10,100015,2026-05-01,8,2,SELL,900,902.21,2026-05-01 17:34:00,811989.0
11,100190,2026-05-15,6,6,SELL,2400,3058.46,2026-05-15 16:04:00,7340304.0
12,100156,2026-05-14,2,4,SELL,3800,1062.42,2026-05-14 15:44:00,4037196.0000000005
13,100394,2026-06-02,6,2,SELL,2100,1038.92,2026-06-02 16:36:00,2181732.0
14,100178,2026-05-15,4,1,BUY,3800,808.65,2026-05-15 12:21:00,3072870.0
15,100084,2026-05-07,7,4,BUY,134000,97.19,2026-05-07 15:31:00,13023460.0
16,100455,2026-06-05,7,1,BUY,137000,101.38,2026-06-05 10:33:00,13889060.0
17,100528,2026-06-11,8,1,SELL,2600,1586.38,2026-06-11 13:05:00,4124588.0000000005
18,100158,2026-05-14,4,4,SELL,3700,1052.41,2026-05-14 13:01:00,3893917.0000000005
19,100293,2026-05-25,4,3,SELL,500,1328.36,2026-05-25 16:48:00,664180.0
20,100553,2026-06-12,2,3,BUY,2500,301.44,2026-06-12 12:54:00,753600.0
21,100222,2026-05-19,3,1,BUY,191000,99.38,2026-05-19 16:33:00,18981580.0
22,100378,2026-06-01,6,4,BUY,4500,2358.7,2026-06-01 17:47:00,10614150.0
23,100261,2026-05-22,1,1,SELL,2400,1714.91,2026-05-22 11:01:00,4115784.0
24,100240,2026-05-21,6,2,BUY,2100,2989.02,2026-05-21 14:50:00,6276942.0
25,100549,2026-06-12,1,2,BUY,3000,304.21,2026-06-12 14:45:00,912629.9999999999
26,100509,2026-06-10,3,1,SELL,28000,98.74,2026-06-10 15:37:00,2764720.0
27,100239,2026-05-21,7,1,SELL,138000,98.74,2026-05-21 15:05:00,13626120.0
28,100063,2026-05-06,5,1,BUY,3900,1475.42,2026-05-06 14:27:00,5754138.0
29,100150,2026-05-14,5,2,BUY,2800,3133.93,2026-05-14 10:28:00,8775004.0
30,100123,2026-05-12,5,2,BUY,400,656.06,2026-05-12 13:38:00,262424.0
31,100346,2026-05-29,5,2,BUY,2700,1066.53,2026-05-29 09:35:00,2879631.0
32,100545,2026-06-12,6,3,SELL,3900,2118.94,2026-06-12 12:28:00,8263866.0
33,100336,2026-05-28,2,5,BUY,500,3157.72,2026-05-28 16:02:00,1578860.0
34,100504,2026-06-10,4,5,SELL,4800,2277.76,2026-06-10 09:45:00,10933248.000000002
35,100230,2026-05-20,2,3,BUY,3300,2501.17,2026-05-20 17:02:00,8253861.0
36,100035,2026-05-04,3,3,SELL,73000,103.74,2026-05-04 10:28:00,7573020.0
37,100327,2026-05-27,3,4,SELL,186000,96.17,2026-05-27 13:23:00,17887620.0
38,100227,2026-05-20,2,3,SELL,4200,2564.57,2026-05-20 11:42:00,10771194.0
39,100283,2026-05-25,8,1,BUY,1100,1490.8,2026-05-25 16:29:00,1639880.0
40,100286,2026-05-25,6,2,SELL,800,965.79,2026-05-25 12:09:00,772632.0
41,100019,2026-05-01,5,5,BUY,4400,2348.2,2026-05-01 17:48:00,10332080.0
42,100040,2026-05-05,1,6,SELL,400,302.93,2026-05-05 16:32:00,121172.0
43,100070,2026-05-06,6,4,SELL,2900,2210.66,2026-05-06 17:30:00,6410914.0
44,100208,2026-05-19,7,6,BUY,121000,95.19,2026-05-19 10:55:00,11517990.0
45,100472,2026-06-08,6,1,BUY,1200,830.71,2026-06-08 17:02:00,996852.0
46,100374,2026-06-01,6,5,BUY,3400,2953.41,2026-06-01 12:13:00,10041594.0
47,100080,2026-05-07,5,3,SELL,3500,395.76,2026-05-07 11:14:00,1385160.0
48,100493,2026-06-09,8,2,BUY,2200,523.71,2026-06-09 16:03:00,1152162.0
49,100467,2026-06-08,2,4,SELL,3300,1248.38,2026-06-08 16:54:00,4119654.0000000005
50,100277,2026-05-25,4,3,SELL,600,914.35,2026-05-25 17:17:00,548610.0
51,100275,2026-05-25,3,2,SELL,138000,104.11,2026-05-25 09:53:00,14367180.0
52,100497,2026-06-09,5,4,SELL,3600,1611.04,2026-06-09 10:17:00,5799744.0
53,100183,2026-05-15,6,5,BUY,2900,1686.71,2026-05-15 09:46:00,4891459.0
54,100167,2026-05-14,7,5,SELL,33000,102.91,2026-05-14 09:16:00,3396030.0
55,100273,2026-05-22,7,4,BUY,42000,104.72,2026-05-22 10:28:00,4398240.0
56,100045,2026-05-05,2,1,SELL,4000,3195.29,2026-05-05 10:04:00,12781160.0
57,100194,2026-05-18,1,3,SELL,2300,465.98,2026-05-18 17:13:00,1071754.0
58,100538,2026-06-12,8,1,SELL,800,1414.05,2026-06-12 11:36:00,1131240.0
59,100264,2026-05-22,8,3,SELL,2900,2477.41,2026-05-22 11:33:00,7184489.0
60,100009,2026-05-01,4,3,BUY,1500,2792.78,2026-05-01 15:17:00,4189170.0000000005
61,100230,2026-05-20,2,3,BUY,3300,2501.17,2026-05-20 17:02:00,8253861.0
62,100231,2026-05-20,6,5,BUY,3900,1299.0,2026-05-20 11:11:00,5066100.0
63,100038,2026-05-04,7,1,SELL,77000,104.27,2026-05-04 16:18:00,8028790.0
64,100440,2026-06-04,2,6,SELL,200,528.92,2026-06-04 11:28:00,105783.99999999999
65,100381,2026-06-01,4,3,SELL,2800,716.5,2026-06-01 15:05:00,2006200.0
66,100036,2026-05-04,2,1,BUY,600,2975.42,2026-05-04 12:10:00,1785252.0
67,100032,2026-05-04,2,1,SELL,2300,1441.91,2026-05-04 16:55:00,3316393.0
68,100353,2026-05-29,5,4,BUY,500,723.9,2026-05-29 17:13:00,361950.0
69,100073,2026-05-07,4,4,BUY,3000,1414.05,2026-05-07 12:45:00,4242150.0
70,100199,2026-05-18,3,6,BUY,33000,102.46,2026-05-18 12:24:00,3381180.0
71,100466,2026-06-08,2,1,SELL,2800,979.54,2026-06-08 10:16:00,2742712.0
72,100050,2026-05-05,5,3,BUY,4600,1195.78,2026-05-05 13:32:00,5500588.0
73,100557,2026-06-01,1,1,SELL,3600,0.0,2026-06-01 14:55:00,0.0
74,100476,2026-06-09,4,6,BUY,1000,169.45,2026-06-09 15:01:00,169450.0
75,100287,2026-05-25,2,1,SELL,2500,2785.7,2026-05-25 15:15:00,6964250.0
76,100285,2026-05-25,6,4,BUY,4900,1280.15,2026-05-25 17:06:00,6272735.0
77,100164,2026-05-14,7,2,BUY,43000,102.87,2026-05-14 14:33:00,4423410.0
78,100486,2026-06-09,2,5,SELL,5000,783.29,2026-06-09 13:29:00,3916450.0
79,100387,2026-06-02,1,3,SELL,2500,2526.47,2026-06-02 17:57:00,6316174.999999999
80,100129,2026-05-13,8,3,SELL,2200,1129.23,2026-05-13 10:54:00,2484306.0
81,100361,2026-05-29,3,2,SELL,68000,98.8,2026-05-29 12:31:00,6718400.0
82,100279,2026-05-25,3,5,BUY,53000,101.59,2026-05-25 14:53:00,5384270.0
83,100307,2026-05-26,8,2,BUY,1800,1852.16,2026-05-26 12:19:00,3333888.0
84,100377,2026-06-01,7,1,SELL,51000,100.64,2026-06-01 15:43:00,5132640.0
85,100297,2026-05-26,8,2,BUY,2100,2990.67,2026-05-26 14:10:00,6280407.0
86,100469,2026-06-08,1,1,BUY,1600,290.24,2026-06-08 14:24:00,464384.0
87,100237,2026-05-20,2,3,BUY,4900,638.95,2026-05-20 16:57:00,3130855.0
88,100065,2026-05-06,4,3,SELL,500,3044.07,2026-05-06 14:39:00,1522035.0
89,100095,2026-05-08,7,4,BUY,29000,100.92,2026-05-08 12:06:00,2926680.0
90,100338,2026-05-28,7,4,SELL,106000,95.8,2026-05-28 17:08:00,10154800.0
91,100313,2026-05-26,1,6,BUY,4100,860.15,2026-05-26 10:26:00,3526615.0
92,100540,2026-06-12,7,3,SELL,177000,99.86,2026-06-12 16:02:00,17675220.0
93,100110,2026-05-11,5,1,BUY,1900,843.82,2026-05-11 11:19:00,1603258.0
94,100076,2026-05-07,1,5,BUY,800,1542.21,2026-05-07 16:42:00,1233768.0
95,100211,2026-05-19,6,1,SELL,700,892.12,2026-05-19 15:33:00,624484.0
96,100492,2026-06-09,2,5,SELL,500,216.49,2026-06-09 10:12:00,108245.0
97,100457,2026-06-05,3,4,BUY,14000,100.87,2026-06-05 09:16:00,1412180.0
98,100256,2026-05-22,8,4,SELL,1200,1663.42,2026-05-22 16:23:00,1996104.0
99,100485,2026-06-09,2,2,BUY,1100,1521.18,2026-06-09 14:26:00,1673298.0
100,100244,2026-05-21,2,3,BUY,2000,521.64,2026-05-21 12:26:00,1043280.0
101,100044,2026-05-05,5,4,BUY,4300,2118.78,2026-05-05 16:20:00,9110754.0
102,100451,2026-06-05,2,5,SELL,2300,3087.91,2026-06-05 14:50:00,7102193.0
103,100204,2026-05-19,8,5,SELL,300,822.58,2026-05-19 09:00:00,246774.0
104,100101,2026-05-11,7,3,BUY,136000,103.51,2026-05-11 11:31:00,14077360.0
105,100120,2026-05-12,7,4,SELL,84000,95.33,2026-05-12 13:45:00,8007720.0
106,100536,2026-06-12,7,2,BUY,162000,97.58,2026-06-12 10:05:00,15807960.0
107,100498,2026-06-09,7,2,SELL,61000,101.43,2026-06-09 17:15:00,6187230.0
108,100051,2026-05-05,8,3,BUY,600,2084.57,2026-05-05 13:02:00,1250742.0
109,100016,2026-05-01,5,6,SELL,3800,1368.17,2026-05-01 12:08:00,5199046.0
110,100209,2026-05-19,6,5,SELL,3700,1383.49,2026-05-19 15:18:00,5118913.0
111,100291,2026-05-25,8,5,SELL,1900,1786.91,2026-05-25 10:27:00,3395129.0
112,100348,2026-05-29,7,5,SELL,188000,99.16,2026-05-29 11:19:00,18642080.0
113,100033,2026-05-04,1,6,BUY,400,1377.99,2026-05-04 14:51:00,551196.0
114,100182,2026-05-15,7,5,BUY,200000,95.64,2026-05-15 16:49:00,19128000.0
115,100474,2026-06-08,2,5,SELL,100,1275.2,2026-06-08 13:36:00,127520.0
116,100468,2026-06-08,3,3,BUY,75000,102.73,2026-06-08 10:14:00,7704750.0
117,100450,2026-06-05,7,5,SELL,65000,95.87,2026-06-05 10:08:00,6231550.0
118,100489,2026-06-09,7,5,BUY,183000,97.99,2026-06-09 11:01:00,17932170.0
119,100519,2026-06-10,7,4,SELL,99000,100.46,2026-06-10 10:53:00,9945540.0
120,100018,2026-05-01,7,5,BUY,108000,98.82,2026-05-01 16:33:00,10672560.0
121,100201,2026-05-18,2,1,BUY,1100,2451.03,2026-05-18 09:43:00,2696133.0
122,100022,2026-05-01,2,6,SELL,4100,1698.37,2026-05-01 12:09:00,6963317.0
123,100471,2026-06-08,6,2,SELL,4700,1125.8,2026-06-08 10:36:00,5291260.0
124,100006,2026-05-01,2,4,BUY,2300,2734.86,2026-05-01 13:51:00,6290178.0
125,100142,2026-05-13,3,4,SELL,98000,98.32,2026-05-13 17:24:00,9635360.0
126,100289,2026-05-25,8,4,SELL,3200,220.69,2026-05-25 15:32:00,706208.0
127,100096,2026-05-08,5,6,BUY,3700,2537.04,2026-05-08 14:34:00,9387048.0
128,100075,2026-05-07,2,4,BUY,1200,2602.54,2026-05-07 17:29:00,3123048.0
129,100462,2026-06-05,7,6,BUY,24000,97.44,2026-06-05 15:07:00,2338560.0
130,100166,2026-05-14,6,1,SELL,500,579.31,2026-05-14 12:55:00,289655.0
131,100508,2026-06-10,3,3,BUY,92000,95.6,2026-06-10 11:37:00,8795200.0
132,100516,2026-06-10,3,6,BUY,191000,101.7,2026-06-10 14:28:00,19424700.0
133,100342,2026-05-28,2,1,SELL,4000,2486.46,2026-05-28 09:15:00,9945840.0
134,100459,2026-06-05,7,4,SELL,31000,101.41,2026-06-05 17:39:00,3143710.0
135,100417,2026-06-03,2,6,BUY,2100,509.48,2026-06-03 13:07:00,1069908.0
136,100404,2026-06-02,4,4,SELL,2600,1562.34,2026-06-02 17:09:00,4062084.0
137,100122,2026-05-12,4,4,BUY,3500,835.67,2026-05-12 11:58:00,2924845.0
138,100179,2026-05-15,3,5,BUY,80000,103.58,2026-05-15 11:08:00,8286400.0
139,100355,2026-05-29,4,6,BUY,4800,3198.69,2026-05-29 16:58:00,15353712.0
140,100527,2026-06-11,8,2,BUY,200,781.21,2026-06-11 13:05:00,156242.0
141,100217,2026-05-19,8,4,SELL,1800,1953.83,2026-05-19 14:32:00,3516894.0
142,100270,2026-05-22,5,2,BUY,2400,1701.71,2026-05-22 10:12:00,4084104.0
143,100278,2026-05-25,3,6,SELL,167000,100.33,2026-05-25 17:41:00,16755110.0
144,100454,2026-06-05,4,6,SELL,1900,2120.82,2026-06-05 12:31:00,4029558.0000000005
145,100412,2026-06-03,7,4,BUY,190000,97.15,2026-06-03 13:48:00,18458500.0
146,100543,2026-06-12,6,1,SELL,2000,1098.4,2026-06-12 16:54:00,2196800.0
147,100548,2026-06-12,3,5,BUY,54000,96.93,2026-06-12 12:53:00,5234220.0
148,100481,2026-06-09,6,4,BUY,3800,441.51,2026-06-09 11:40:00,1677738.0
149,100314,2026-05-26,6,6,SELL,700,2227.64,2026-05-26 11:00:00,1559348.0
150,100001,2026-05-01,2,1,SELL,1600,830.79,2026-05-01 10:43:00,1329264.0
151,100218,2026-05-19,2,3,SELL,2900,264.7,2026-05-19 14:53:00,767630.0
152,100370,2026-06-01,5,3,SELL,2600,391.01,2026-06-01 15:29:00,1016626.0
153,100386,2026-06-01,1,1,SELL,3600,433.85,2026-06-01 14:55:00,1561860.0
154,100473,2026-06-08,7,1,SELL,82000,102.74,2026-06-08 13:20:00,8424680.0
155,100464,2026-06-08,3,6,BUY,51000,99.96,2026-06-08 14:33:00,5097960.0
156,100542,2026-06-12,7,3,BUY,22000,102.46,2026-06-12 13:57:00,2254120.0
157,100280,2026-05-25,1,1,BUY,300,3043.07,2026-05-25 13:41:00,912921.0
158,100163,2026-05-14,6,6,BUY,600,2924.36,2026-05-14 14:47:00,1754616.0
159,100410,2026-06-03,3,3,SELL,128000,97.32,2026-06-03 15:40:00,12456960.0
160,100396,2026-06-02,2,5,BUY,3800,3191.66,2026-06-02 11:43:00,12128308.0
161,100453,2026-06-05,5,6,BUY,4300,2821.27,2026-06-05 12:33:00,12131461.0
162,100418,2026-06-03,3,3,BUY,140000,98.88,2026-06-03 11:36:00,13843200.0
163,100023,2026-05-04,3,5,BUY,163000,98.24,2026-05-04 09:07:00,16013120.0
164,100259,2026-05-22,8,5,SELL,1100,2253.78,2026-05-22 14:28:00,2479158.0
165,100147,2026-05-13,3,4,BUY,29000,99.69,2026-05-13 13:21:00,2891010.0
166,100114,2026-05-11,1,3,SELL,800,2657.45,2026-05-11 15:31:00,2125960.0
167,100118,2026-05-12,1,5,BUY,4900,783.75,2026-05-12 12:16:00,3840375.0
168,100288,2026-05-25,3,3,SELL,58000,102.63,2026-05-25 16:32:00,5952540.0
169,100330,2026-05-27,8,5,SELL,500,2947.6,2026-05-27 10:03:00,1473800.0
170,100366,2026-06-01,3,1,BUY,139000,99.56,2026-06-01 09:39:00,13838840.0
171,100389,2026-06-02,5,3,SELL,1000,342.96,2026-06-02 15:17:00,342960.0
172,100189,2026-05-15,6,4,SELL,2700,2375.32,2026-05-15 14:27:00,6413364.0
173,100136,2026-05-13,3,3,BUY,151000,99.08,2026-05-13 12:53:00,14961080.0
174,100213,2026-05-19,3,1,BUY,145000,100.1,2026-05-19 14:22:00,14514500.0
175,100202,2026-05-18,2,3,SELL,4300,1443.25,2026-05-18 16:26:00,6205975.0
176,100013,2026-05-01,6,1,BUY,300,2605.39,2026-05-01 15:17:00,781617.0
177,100072,2026-05-06,4,6,SELL,1500,2610.02,2026-05-06 11:01:00,3915030.0
178,100426,2026-06-04,1,6,SELL,3500,816.55,2026-06-04 15:06:00,2857925.0
179,100491,2026-06-09,1,1,BUY,900,754.31,2026-06-09 15:23:00,678879.0
180,100316,2026-05-27,1,1,BUY,3500,2402.99,2026-05-27 09:58:00,8410465.0
181,100126,2026-05-12,6,5,SELL,200,428.55,2026-05-12 09:48:00,85710.0
182,100371,2026-06-01,4,6,BUY,2000,2236.33,2026-06-01 10:41:00,4472660.0
183,100043,2026-05-05,2,4,SELL,1700,772.99,2026-05-05 14:15:00,1314083.0
184,100127,2026-05-12,5,5,BUY,4900,2456.62,2026-05-12 16:33:00,12037438.0
185,100309,2026-05-26,6,5,SELL,1900,521.72,2026-05-26 17:24:00,991268.0
186,100350,2026-05-29,3,4,BUY,153000,99.13,2026-05-29 15:35:00,15166890.0
187,100041,2026-05-05,3,1,BUY,57000,95.69,2026-05-05 10:43:00,5454330.0
188,100531,2026-06-11,1,2,BUY,600,2187.83,2026-06-11 17:26:00,1312698.0
189,100421,2026-06-03,1,3,BUY,3200,566.43,2026-06-03 15:35:00,1812575.9999999998
190,100014,2026-05-01,2,2,SELL,1400,2149.09,2026-05-01 15:56:00,3008726.0
191,100495,2026-06-09,7,2,SELL,64000,104.08,2026-06-09 13:17:00,6661120.0
192,100143,2026-05-13,8,3,BUY,4500,878.36,2026-05-13 15:14:00,3952620.0
193,100500,2026-06-10,6,4,SELL,1200,229.49,2026-06-10 12:01:00,275388.0
194,100099,2026-05-11,5,5,SELL,3000,1478.5,2026-05-11 13:20:00,4435500.0
195,100427,2026-06-04,4,3,BUY,2900,951.59,2026-06-04 10:28:00,2759611.0
196,100437,2026-06-04,8,6,SELL,500,2576.82,2026-06-04 15:13:00,1288410.0
197,100203,2026-05-18,5,2,BUY,2300,1461.24,2026-05-18 13:43:00,3360852.0
198,100089,2026-05-08,7,3,BUY,130000,95.19,2026-05-08 17:03:00,12374700.0
199,100233,2026-05-20,5,6,SELL,1500,1778.73,2026-05-20 13:51:00,2668095.0
200,100395,2026-06-02,4,3,SELL,1800,2640.31,2026-06-02 15:23:00,4752558.0
201,100236,2026-05-20,5,1,SELL,2400,1841.35,2026-05-20 10:45:00,4419240.0
202,100310,2026-05-26,7,3,BUY,84000,95.42,2026-05-26 10:22:00,8015280.0
203,100178,2026-05-15,4,1,BUY,3800,808.65,2026-05-15 12:21:00,3072870.0
204,100358,2026-05-29,6,5,SELL,3000,450.76,2026-05-29 16:48:00,1352280.0
205,100159,2026-05-14,7,3,BUY,154000,103.65,2026-05-14 09:58:00,15962100.0
206,100180,2026-05-15,5,2,BUY,4300,2792.67,2026-05-15 11:00:00,12008481.0
207,100537,2026-06-12,7,5,SELL,151000,98.26,2026-06-12 13:33:00,14837260.0
208,100541,2026-06-12,3,3,SELL,46000,101.18,2026-06-12 15:02:00,4654280.0
209,100133,2026-05-13,1,2,SELL,4000,2457.15,2026-05-13 16:48:00,9828600.0
210,100380,2026-06-01,7,3,BUY,172000,97.73,2026-06-01 16:31:00,16809560.0
211,100172,2026-05-15,2,1,BUY,3500,563.78,2026-05-15 16:23:00,1973230.0
212,100260,2026-05-22,1,6,SELL,4000,3194.36,2026-05-22 13:40:00,12777440.0
213,100329,2026-05-27,8,5,BUY,4900,904.77,2026-05-27 10:33:00,4433373.0
214,100526,2026-06-11,8,2,BUY,2400,161.64,2026-06-11 10:18:00,387935.99999999994
215,100148,2026-05-13,7,6,BUY,94000,103.52,2026-05-13 17:24:00,9730880.0
216,100425,2026-06-04,2,5,BUY,1800,2514.09,2026-06-04 14:34:00,4525362.0
217,100411,2026-06-03,3,2,SELL,111000,95.29,2026-06-03 12:28:00,10577190.0
218,100322,2026-05-27,6,3,BUY,1200,2013.41,2026-05-27 15:52:00,2416092.0
219,100249,2026-05-21,1,3,BUY,2300,885.43,2026-05-21 10:49:00,2036489.0
220,100181,2026-05-15,6,2,SELL,200,681.45,2026-05-15 09:08:00,136290.0
221,100004,2026-05-01,4,4,SELL,100,2464.36,2026-05-01 11:44:00,246436.0
222,100081,2026-05-07,7,6,BUY,190000,97.14,2026-05-07 15:26:00,18456600.0
223,100168,2026-05-14,2,4,SELL,4400,2434.49,2026-05-14 13:37:00,10711755.999999998
224,100413,2026-06-03,2,5,BUY,3500,720.23,2026-06-03 14:12:00,2520805.0
225,100017,2026-05-01,8,1,BUY,800,616.17,2026-05-01 11:50:00,492935.99999999994
226,100379,2026-06-01,6,1,BUY,2800,858.04,2026-06-01 10:21:00,2402512.0
227,100248,2026-05-21,1,4,SELL,300,2088.8,2026-05-21 14:16:00,626640.0
228,100422,2026-06-04,8,4,SELL,2700,2315.93,2026-06-04 16:31:00,6253011.0
229,100357,2026-05-29,5,4,SELL,3500,2128.6,2026-05-29 13:16:00,7450100.0
230,100029,2026-05-04,4,1,BUY,4600,2074.86,2026-05-04 12:04:00,9544356.0
231,100125,2026-05-12,8,4,BUY,3900,271.58,2026-05-12 15:47:00,1059162.0
232,100252,2026-05-22,8,1,SELL,1300,283.61,2026-05-22 12:56:00,368693.0
233,100406,2026-06-03,3,3,SELL,97000,99.55,2026-06-03 12:33:00,9656350.0
234,100515,2026-06-10,8,2,SELL,4800,387.31,2026-06-10 14:20:00,1859088.0
235,100187,2026-05-15,6,4,SELL,3000,1691.93,2026-05-15 15:06:00,5075790.0
236,100372,2026-06-01,1,1,SELL,2500,1300.37,2026-06-01 16:03:00,3250924.9999999995
237,100226,2026-05-20,3,3,SELL,177000,101.98,2026-05-20 15:08:00,18050460.0
238,100271,2026-05-22,3,2,SELL,16000,98.61,2026-05-22 14:29:00,1577760.0
239,100221,2026-05-19,1,4,BUY,2200,3146.28,2026-05-19 10:32:00,6921816.0
240,100428,2026-06-04,2,2,BUY,4800,1943.17,2026-06-04 14:55:00,9327216.0
241,100246,2026-05-21,4,6,BUY,1900,1459.18,2026-05-21 14:15:00,2772442.0
242,100518,2026-06-10,2,6,BUY,400,1327.11,2026-06-10 15:10:00,530844.0
243,100200,2026-05-18,7,4,SELL,50000,98.7,2026-05-18 14:49:00,4935000.0
244,100424,2026-06-04,5,2,SELL,3700,2414.68,2026-06-04 16:35:00,8934316.0
245,100408,2026-06-03,2,3,BUY,4600,501.01,2026-06-03 14:41:00,2304646.0
246,100525,2026-06-11,5,6,SELL,2000,874.52,2026-06-11 09:25:00,1749040.0
247,100113,2026-05-11,1,5,SELL,3100,1610.08,2026-05-11 14:11:00,4991248.0
248,100174,2026-05-15,7,3,BUY,186000,98.71,2026-05-15 16:28:00,18360060.0
249,100146,2026-05-13,2,4,BUY,3400,2926.85,2026-05-13 09:46:00,9951290.0
250,100420,2026-06-03,3,4,SELL,45000,96.87,2026-06-03 16:39:00,4359150.0
251,100124,2026-05-12,5,4,BUY,3000,2250.47,2026-05-12 15:17:00,6751409.999999999
252,100304,2026-05-26,8,6,BUY,4600,571.15,2026-05-26 12:35:00,2627290.0
253,100539,2026-06-12,2,1,BUY,1900,2795.8,2026-06-12 14:56:00,5312020.0
254,100463,2026-06-05,8,5,BUY,2000,2181.54,2026-06-05 11:07:00,4363080.0
255,100554,2026-06-12,4,6,BUY,4400,780.53,2026-06-12 15:32:00,3434332.0
256,100449,2026-06-05,3,4,SELL,194000,97.13,2026-06-05 11:58:00,18843220.0
257,100031,2026-05-04,3,6,SELL,72000,102.85,2026-05-04 15:12:00,7405200.0
258,100382,2026-06-01,5,2,BUY,600,967.31,2026-06-01 15:45:00,580386.0
259,100058,2026-05-05,7,1,BUY,198000,104.24,2026-05-05 15:51:00,20639520.0
260,100558,2026-06-08,6,2,SELL,-4700,1125.8,2026-06-08 10:36:00,-5291260.0
261,100343,2026-05-28,4,1,BUY,3900,252.41,2026-05-28 09:15:00,984399.0
262,100506,2026-06-10,5,2,SELL,300,425.28,2026-06-10 12:38:00,127583.99999999999
263,100198,2026-05-18,6,3,BUY,1200,2803.08,2026-05-18 15:04:00,3363696.0
264,100140,2026-05-13,3,1,SELL,116000,98.4,2026-05-13 17:17:00,11414400.0
265,100295,2026-05-25,6,5,SELL,4900,590.02,2026-05-25 17:25:00,2891098.0
266,100205,2026-05-19,4,3,BUY,5000,568.57,2026-05-19 13:18:00,2842850.0000000005
267,100206,2026-05-19,6,1,BUY,3200,2428.39,2026-05-19 11:08:00,7770848.0
268,100369,2026-06-01,7,2,BUY,34000,100.24,2026-06-01 12:12:00,3408160.0
269,100094,2026-05-08,3,3,BUY,158000,95.26,2026-05-08 13:36:00,15051080.0
270,100393,2026-06-02,3,3,SELL,164000,104.47,2026-06-02 12:30:00,17133080.0
271,100511,2026-06-10,7,6,SELL,176000,98.17,2026-06-10 17:44:00,17277920.0
272,100048,2026-05-05,5,5,BUY,4300,2642.17,2026-05-05 13:59:00,11361331.0
273,100138,2026-05-13,5,5,SELL,2700,2695.91,2026-05-13 16:15:00,7278957.0
274,100225,2026-05-19,7,3,SELL,195000,103.52,2026-05-19 11:21:00,20186400.0
275,100337,2026-05-28,5,4,BUY,5000,563.06,2026-05-28 15:23:00,2815299.9999999995
276,100169,2026-05-14,7,6,SELL,37000,101.75,2026-05-14 16:01:00,3764750.0
277,100088,2026-05-08,4,4,SELL,2200,2471.75,2026-05-08 15:17:00,5437850.0
278,100360,2026-05-29,3,1,SELL,151000,104.35,2026-05-29 15:18:00,15756850.0
279,100010,2026-05-01,8,6,SELL,1100,1279.05,2026-05-01 12:42:00,1406955.0
280,100405,2026-06-03,1,4,BUY,1900,1418.73,2026-06-03 10:07:00,2695587.0
281,100049,2026-05-05,2,2,SELL,800,2863.62,2026-05-05 17:09:00,2290896.0
282,100416,2026-06-03,6,4,BUY,4400,2303.26,2026-06-03 13:58:00,10134344.000000002
283,100219,2026-05-19,5,1,BUY,4000,1961.94,2026-05-19 15:29:00,7847760.0
284,100461,2026-06-05,3,5,SELL,110000,100.86,2026-06-05 10:19:00,11094600.0
285,100185,2026-05-15,2,4,SELL,500,2892.76,2026-05-15 14:38:00,1446380.0
286,100447,2026-06-05,7,1,BUY,36000,98.13,2026-06-05 13:08:00,3532680.0
287,100470,2026-06-08,3,2,BUY,151000,103.03,2026-06-08 15:14:00,15557530.0
288,100090,2026-05-08,6,2,BUY,5000,3069.72,2026-05-08 09:48:00,15348599.999999998
289,100499,2026-06-09,1,4,SELL,3100,1810.78,2026-06-09 16:22:00,5613418.0
290,100026,2026-05-04,5,5,SELL,1400,2983.19,2026-05-04 12:45:00,4176466.0
291,100507,2026-06-10,4,1,SELL,100,1161.79,2026-06-10 12:51:00,116179.0
292,100136,2026-05-13,3,3,BUY,151000,99.08,2026-05-13 12:53:00,14961080.0
293,100331,2026-05-27,4,5,BUY,1100,1150.76,2026-05-27 17:28:00,1265836.0
294,100402,2026-06-02,1,5,SELL,4900,1161.37,2026-06-02 15:06:00,5690712.999999999
295,100119,2026-05-12,2,2,BUY,1200,1833.58,2026-05-12 11:00:00,2200296.0
296,100522,2026-06-11,2,5,BUY,2200,1961.79,2026-06-11 16:45:00,4315938.0
297,100341,2026-05-28,7,2,BUY,127000,98.46,2026-05-28 13:12:00,12504420.0
298,100039,2026-05-04,7,6,SELL,49000,96.9,2026-05-04 12:03:00,4748100.0
299,100332,2026-05-28,4,6,SELL,600,2891.61,2026-05-28 16:51:00,1734966.0
300,100047,2026-05-05,4,3,SELL,1100,1486.46,2026-05-05 17:45:00,1635106.0
301,100077,2026-05-07,6,4,SELL,3600,1510.04,2026-05-07 11:47:00,5436144.0
302,100253,2026-05-22,1,3,SELL,3300,1364.58,2026-05-22 17:30:00,4503114.0
303,100294,2026-05-25,5,5,BUY,900,3124.0,2026-05-25 15:23:00,2811600.0
304,100057,2026-05-05,7,5,BUY,70000,103.65,2026-05-05 11:56:00,7255500.0
305,100502,2026-06-10,2,2,BUY,1800,1777.75,2026-06-10 09:48:00,3199950.0
306,100007,2026-05-01,1,6,SELL,3500,530.72,2026-05-01 15:05:00,1857520.0
307,100002,2026-05-01,2,5,SELL,300,240.88,2026-05-01 12:14:00,72264.0
308,100121,2026-05-12,5,6,SELL,500,2246.52,2026-05-12 13:50:00,1123260.0
309,100170,2026-05-14,6,5,BUY,4200,342.81,2026-05-14 16:58:00,1439802.0
310,100547,2026-06-12,1,5,BUY,500,1098.93,2026-06-12 17:25:00,549465.0
311,100107,2026-05-11,6,6,SELL,1800,1085.2,2026-05-11 12:07:00,1953360.0
312,100326,2026-05-27,6,6,BUY,400,2186.75,2026-05-27 16:19:00,874700.0
313,100351,2026-05-29,3,4,BUY,75000,97.03,2026-05-29 10:59:00,7277250.0
314,100021,2026-05-01,1,6,SELL,3300,2473.98,2026-05-01 17:58:00,8164134.0
315,100083,2026-05-07,1,5,SELL,3100,167.98,2026-05-07 14:19:00,520737.99999999994
316,100152,2026-05-14,6,3,SELL,1000,894.8,2026-05-14 15:36:00,894800.0
317,100477,2026-06-09,4,5,SELL,4100,2710.7,2026-06-09 09:21:00,11113870.0
318,100523,2026-06-11,1,4,BUY,3900,2863.75,2026-06-11 11:03:00,11168625.0
319,100104,2026-05-11,4,6,SELL,4200,2321.12,2026-05-11 16:50:00,9748704.0
320,100552,2026-06-12,8,5,SELL,2300,648.72,2026-06-12 13:47:00,1492056.0
321,100135,2026-05-13,8,1,BUY,4100,2007.06,2026-05-13 12:45:00,8228946.0
322,100513,2026-06-10,3,6,BUY,189000,104.49,2026-06-10 15:54:00,19748610.0
323,100312,2026-05-26,5,5,SELL,900,483.14,2026-05-26 12:15:00,434826.0
324,100102,2026-05-11,4,3,SELL,2200,1002.96,2026-05-11 13:35:00,2206512.0
325,100255,2026-05-22,6,3,BUY,2400,1482.7,2026-05-22 15:47:00,3558480.0
326,100055,2026-05-05,3,1,SELL,103000,103.99,2026-05-05 09:57:00,10710970.0
327,100546,2026-06-12,4,4,SELL,4900,1725.33,2026-06-12 14:52:00,8454117.0
328,100145,2026-05-13,3,4,BUY,42000,100.02,2026-05-13 14:55:00,4200840.0
329,100505,2026-06-10,6,5,BUY,3700,3042.52,2026-06-10 16:34:00,11257324.0
330,100317,2026-05-27,3,4,BUY,19000,104.97,2026-05-27 15:50:00,1994430.0
331,100262,2026-05-22,3,5,SELL,18000,96.26,2026-05-22 12:49:00,1732680.0
332,100054,2026-05-05,3,5,BUY,104000,100.83,2026-05-05 11:27:00,10486320.0
333,100215,2026-05-19,3,6,BUY,55000,104.51,2026-05-19 16:29:00,5748050.0
334,100480,2026-06-09,5,1,BUY,1500,2886.73,2026-06-09 17:26:00,4330095.0
335,100311,2026-05-26,8,6,SELL,4800,1611.19,2026-05-26 12:52:00,7733712.0
336,100319,2026-05-27,6,3,SELL,4200,1807.07,2026-05-27 16:56:00,7589694.0
337,100139,2026-05-13,8,5,BUY,2500,731.36,2026-05-13 17:47:00,1828400.0
338,100490,2026-06-09,7,4,BUY,34000,99.62,2026-06-09 11:07:00,3387080.0
339,100512,2026-06-10,6,2,BUY,2500,1085.81,2026-06-10 13:08:00,2714525.0
340,100052,2026-05-05,1,3,BUY,4100,3138.38,2026-05-05 11:47:00,12867358.0
341,100362,2026-05-29,6,3,SELL,4700,2107.17,2026-05-29 16:29:00,9903699.0
342,100216,2026-05-19,8,6,SELL,4100,1114.22,2026-05-19 16:04:00,4568302.0
343,100155,2026-05-14,5,6,BUY,3000,2898.69,2026-05-14 17:10:00,8696070.0
344,100005,2026-05-01,7,3,SELL,49000,97.15,2026-05-01 14:06:00,4760350.0
345,100323,2026-05-27,7,5,SELL,32000,99.01,2026-05-27 10:11:00,3168320.0
346,100106,2026-05-11,6,4,SELL,2800,3189.73,2026-05-11 17:21:00,8931244.0
347,100079,2026-05-07,8,6,BUY,1800,1491.61,2026-05-07 13:15:00,2684898.0
348,100243,2026-05-21,5,2,BUY,3600,3017.69,2026-05-21 17:27:00,10863684.0
349,100130,2026-05-13,3,3,SELL,187000,99.95,2026-05-13 15:52:00,18690650.0
350,100281,2026-05-25,4,5,SELL,4000,2098.92,2026-05-25 16:56:00,8395680.0
351,100430,2026-06-04,6,5,SELL,3900,1793.24,2026-06-04 14:45:00,6993636.0
352,100559,2026-06-09,1,6,SELL,-4800,2368.01,2026-06-09 10:13:00,-11366448.000000002
353,100517,2026-06-10,1,3,BUY,1600,2264.19,2026-06-10 14:16:00,3622704.0
354,100214,2026-05-19,3,2,BUY,47000,97.56,2026-05-19 11:38:00,4585320.0
355,100060,2026-05-05,8,2,BUY,3000,1216.46,2026-05-05 12:14:00,3649380.0
356,100354,2026-05-29,8,2,SELL,2000,3068.91,2026-05-29 09:13:00,6137820.0
357,100363,2026-05-29,3,6,SELL,53000,96.4,2026-05-29 17:31:00,5109200.0
358,100011,2026-05-01,5,6,BUY,3900,2086.68,2026-05-01 17:46:00,8138051.999999999
359,100335,2026-05-28,1,6,BUY,3800,372.74,2026-05-28 15:22:00,1416412.0
360,100056,2026-05-05,6,2,BUY,4300,463.52,2026-05-05 17:56:00,1993136.0
361,100339,2026-05-28,6,1,BUY,3500,1348.83,2026-05-28 11:46:00,4720905.0
362,100383,2026-06-01,3,6,SELL,91000,98.61,2026-06-01 10:00:00,8973510.0
363,100305,2026-05-26,6,6,SELL,3400,1299.32,2026-05-26 11:29:00,4417688.0
364,100025,2026-05-04,8,1,BUY,900,2162.24,2026-05-04 17:10:00,1946015.9999999998
365,100320,2026-05-27,3,5,SELL,79000,96.93,2026-05-27 10:21:00,7657470.000000001
366,100432,2026-06-04,7,1,SELL,177000,96.27,2026-06-04 11:15:00,17039790.0
367,100131,2026-05-13,1,4,BUY,2100,919.82,2026-05-13 10:49:00,1931622.0
368,100544,2026-06-12,2,2,BUY,2000,3121.37,2026-06-12 16:49:00,6242740.0
369,100550,2026-06-12,4,3,SELL,3000,1690.64,2026-06-12 10:43:00,5071920.0
370,100433,2026-06-04,3,6,SELL,73000,102.61,2026-06-04 15:31:00,7490530.0
371,100334,2026-05-28,8,6,SELL,4700,216.4,2026-05-28 13:52:00,1017080.0
372,100365,2026-06-01,1,1,SELL,900,2719.76,2026-06-01 12:04:00,2447784.0
373,100529,2026-06-11,7,2,SELL,107000,98.69,2026-06-11 16:02:00,10559830.0
374,100064,2026-05-06,2,4,BUY,1700,285.38,2026-05-06 15:00:00,485146.0
375,100452,2026-06-05,3,2,SELL,175000,95.84,2026-06-05 17:38:00,16772000.0
376,100259,2026-05-22,8,5,SELL,1100,2253.78,2026-05-22 14:28:00,2479158.0
377,100409,2026-06-03,2,6,BUY,4800,893.93,2026-06-03 11:35:00,4290864.0
378,100012,2026-05-01,4,2,SELL,2500,973.34,2026-05-01 17:14:00,2433350.0
379,100419,2026-06-03,7,4,BUY,134000,101.36,2026-06-03 11:35:00,13582240.0
380,100109,2026-05-11,4,6,SELL,1800,2359.98,2026-05-11 17:38:00,4247964.0
381,100068,2026-05-06,7,6,SELL,183000,102.48,2026-05-06 11:39:00,18753840.0
382,100401,2026-06-02,2,1,BUY,4300,2177.32,2026-06-02 11:41:00,9362476.0
383,100115,2026-05-12,1,2,BUY,3700,3044.83,2026-05-12 10:15:00,11265871.0
384,100117,2026-05-12,7,4,SELL,86000,103.6,2026-05-12 15:19:00,8909600.0
385,100423,2026-06-04,3,1,BUY,66000,97.92,2026-06-04 13:14:00,6462720.0
386,100482,2026-06-09,7,1,BUY,121000,101.62,2026-06-09 11:15:00,12296020.0
387,100085,2026-05-08,7,3,SELL,195000,96.65,2026-05-08 16:58:00,18846750.0
388,100097,2026-05-11,6,1,SELL,100,2741.21,2026-05-11 16:06:00,274121.0
389,100385,2026-06-01,3,4,SELL,152000,100.55,2026-06-01 15:06:00,15283600.0
390,100184,2026-05-15,5,4,BUY,400,3195.69,2026-05-15 15:27:00,1278276.0
391,100448,2026-06-05,7,2,BUY,27000,100.31,2026-06-05 09:39:00,2708370.0
392,100478,2026-06-09,1,6,SELL,4800,2368.01,2026-06-09 10:13:00,11366448.000000002
393,100069,2026-05-06,5,4,BUY,2000,1025.09,2026-05-06 15:50:00,2050179.9999999998
394,100533,2026-06-12,8,5,BUY,3100,1061.5,2026-06-12 15:57:00,3290650.0
395,100441,2026-06-04,8,1,SELL,1300,3186.87,2026-06-04 11:56:00,4142931.0
396,100173,2026-05-15,7,5,BUY,116000,101.55,2026-05-15 16:39:00,11779800.0
397,100269,2026-05-22,6,6,SELL,4600,348.06,2026-05-22 17:18:00,1601076.0
398,100551,2026-06-12,1,2,SELL,3200,1961.83,2026-06-12 11:55:00,6277856.0
399,100267,2026-05-22,8,2,SELL,4500,2945.26,2026-05-22 16:12:00,13253670.000000002
400,100373,2026-06-01,1,6,BUY,600,1674.57,2026-06-01 15:41:00,1004742.0
401,100234,2026-05-20,8,2,SELL,4400,3038.75,2026-05-20 16:29:00,13370500.0
402,100149,2026-05-13,6,6,SELL,3500,259.49,2026-05-13 10:15:00,908215.0
403,100486,2026-06-09,2,5,SELL,5000,783.29,2026-06-09 13:29:00,3916450.0
404,100024,2026-05-04,6,3,BUY,400,884.66,2026-05-04 10:05:00,353864.0
405,100034,2026-05-04,2,2,BUY,1300,1785.67,2026-05-04 11:27:00,2321371.0
406,100086,2026-05-08,3,5,BUY,110000,100.92,2026-05-08 09:05:00,11101200.0
407,100157,2026-05-14,5,4,SELL,1300,3198.09,2026-05-14 16:06:00,4157517.0
408,100302,2026-05-26,7,2,BUY,18000,100.73,2026-05-26 10:12:00,1813140.0
409,100258,2026-05-22,5,3,BUY,600,1150.16,2026-05-22 13:19:00,690096.0
410,100435,2026-06-04,2,4,SELL,4500,3005.83,2026-06-04 14:29:00,13526235.0
411,100053,2026-05-05,8,5,SELL,3600,179.49,2026-05-05 10:56:00,646164.0
412,100443,2026-06-05,6,6,BUY,400,1358.84,2026-06-05 13:46:00,543536.0
413,100160,2026-05-14,8,3,BUY,3900,2595.89,2026-05-14 12:40:00,10123971.0
414,100177,2026-05-15,4,6,BUY,400,2549.72,2026-05-15 12:08:00,1019887.9999999999
415,100356,2026-05-29,4,6,BUY,2600,2941.14,2026-05-29 17:20:00,7646964.0
416,100116,2026-05-12,2,5,SELL,3900,1968.19,2026-05-12 12:49:00,7675941.0
417,100128,2026-05-13,8,3,BUY,3800,1479.45,2026-05-13 16:05:00,5621910.0
418,100376,2026-06-01,1,2,SELL,200,3082.48,2026-06-01 11:48:00,616496.0
419,100321,2026-05-27,3,6,SELL,175000,97.57,2026-05-27 11:00:00,17074750.0
420,100434,2026-06-04,3,5,SELL,170000,99.14,2026-06-04 16:04:00,16853800.0
421,100347,2026-05-29,3,6,SELL,152000,99.96,2026-05-29 14:41:00,15193919.999999998
422,100010,2026-05-01,8,6,SELL,1100,1279.05,2026-05-01 12:42:00,1406955.0
423,100098,2026-05-11,7,3,SELL,191000,96.53,2026-05-11 11:46:00,18437230.0
424,100487,2026-06-09,5,1,BUY,1100,2613.17,2026-06-09 13:52:00,2874487.0
425,100388,2026-06-02,4,5,BUY,4400,1311.23,2026-06-02 11:17:00,5769412.0
426,100165,2026-05-14,5,2,SELL,3100,3100.52,2026-05-14 13:47:00,9611612.0
427,100556,2026-05-25,5,6,SELL,-3100,896.88,2026-05-25 15:19:00,-2780328.0
428,100192,2026-05-18,3,5,BUY,160000,104.57,2026-05-18 17:21:00,16731199.999999998
429,100375,2026-06-01,8,3,BUY,500,2237.51,2026-06-01 13:57:00,1118755.0
430,100479,2026-06-09,4,4,SELL,400,3116.31,2026-06-09 11:45:00,1246524.0
431,100274,2026-05-22,8,6,SELL,900,2827.78,2026-05-22 17:40:00,2545002.0
432,100020,2026-05-01,5,6,SELL,800,1045.18,2026-05-01 11:29:00,836144.0
433,100475,2026-06-08,5,6,BUY,3000,1273.23,2026-06-08 16:49:00,3819690.0
434,100197,2026-05-18,1,5,SELL,200,700.27,2026-05-18 13:58:00,140054.0
435,100245,2026-05-21,8,1,BUY,3200,1970.05,2026-05-21 09:40:00,6304160.0
436,100439,2026-06-04,3,5,SELL,97000,103.94,2026-06-04 09:02:00,10082180.0
437,100207,2026-05-19,7,5,BUY,138000,100.59,2026-05-19 14:04:00,13881420.0
438,100220,2026-05-19,1,4,BUY,2100,1995.27,2026-05-19 17:09:00,4190067.0
439,100460,2026-06-05,3,3,BUY,89000,95.79,2026-06-05 12:51:00,8525310.0
440,100223,2026-05-19,3,3,SELL,82000,98.87,2026-05-19 14:43:00,8107340.0
441,100514,2026-06-10,1,2,SELL,4000,823.73,2026-06-10 10:59:00,3294920.0
442,100067,2026-05-06,7,3,SELL,188000,97.96,2026-05-06 11:12:00,18416480.0
443,100046,2026-05-05,4,5,SELL,900,2996.44,2026-05-05 10:56:00,2696796.0
444,100400,2026-06-02,7,5,SELL,149000,95.37,2026-06-02 14:44:00,14210130.0
445,100391,2026-06-02,8,5,BUY,3000,476.27,2026-06-02 13:00:00,1428810.0
446,100403,2026-06-02,1,1,SELL,1500,1707.56,2026-06-02 17:35:00,2561340.0
447,100251,2026-05-22,8,6,SELL,4100,705.95,2026-05-22 11:04:00,2894395.0
448,100082,2026-05-07,6,5,SELL,2700,339.91,2026-05-07 15:24:00,917757.0000000001
449,100392,2026-06-02,7,3,SELL,94000,99.4,2026-06-02 15:52:00,9343600.0
450,100296,2026-05-26,1,1,BUY,900,2326.46,2026-05-26 16:33:00,2093814.0
451,100087,2026-05-08,7,2,SELL,56000,95.5,2026-05-08 15:20:00,5348000.0
452,100397,2026-06-02,1,6,SELL,4600,789.43,2026-06-02 13:53:00,3631378.0
453,100390,2026-06-02,7,3,SELL,29000,98.61,2026-06-02 12:46:00,2859690.0
454,100108,2026-05-11,4,3,BUY,4800,1784.39,2026-05-11 11:12:00,8565072.0
455,100141,2026-05-13,1,3,SELL,3800,1918.77,2026-05-13 16:55:00,7291326.0
456,100232,2026-05-20,3,6,SELL,21000,99.11,2026-05-20 12:28:00,2081310.0
457,100003,2026-05-01,1,5,BUY,4600,2132.15,2026-05-01 17:26:00,9807890.0
458,100030,2026-05-04,1,3,BUY,3300,875.91,2026-05-04 16:13:00,2890503.0
459,100501,2026-06-10,5,1,SELL,3400,1240.17,2026-06-10 12:10:00,4216578.0
460,100161,2026-05-14,4,5,SELL,4400,2454.51,2026-05-14 11:40:00,10799844.000000002
461,100091,2026-05-08,1,2,BUY,200,2045.07,2026-05-08 12:08:00,409014.0
462,100324,2026-05-27,3,4,SELL,73000,95.07,2026-05-27 15:15:00,6940109.999999999
463,100171,2026-05-14,5,6,SELL,800,576.32,2026-05-14 09:19:00,461056.00000000006
464,100250,2026-05-21,6,2,BUY,2300,1815.34,2026-05-21 11:53:00,4175282.0
465,100042,2026-05-05,4,4,BUY,3700,900.96,2026-05-05 09:39:00,3333552.0
466,100399,2026-06-02,3,6,SELL,106000,95.74,2026-06-02 16:37:00,10148440.0
467,100093,2026-05-08,5,3,BUY,3900,2002.1,2026-05-08 10:49:00,7808190.0
468,100367,2026-06-01,8,6,SELL,200,170.17,2026-06-01 17:26:00,34034.0
469,100442,2026-06-05,5,2,SELL,600,2146.49,2026-06-05 13:05:00,1287893.9999999998
470,100162,2026-05-14,2,6,BUY,2000,2555.26,2026-05-14 09:37:00,5110520.0
471,100074,2026-05-07,7,4,SELL,72000,96.48,2026-05-07 09:57:00,6946560.0
472,100235,2026-05-20,5,4,SELL,1100,2641.52,2026-05-20 11:55:00,2905672.0
473,100465,2026-06-08,5,2,SELL,900,2436.82,2026-06-08 13:46:00,2193138.0
474,100458,2026-06-05,4,1,BUY,2600,1695.16,2026-06-05 17:49:00,4407416.0
475,100292,2026-05-25,3,3,SELL,113000,98.66,2026-05-25 15:03:00,11148580.0
476,100210,2026-05-19,2,4,BUY,2100,674.21,2026-05-19 16:53:00,1415841.0
477,100176,2026-05-15,7,3,BUY,41000,104.49,2026-05-15 16:05:00,4284090.0
478,100103,2026-05-11,1,5,BUY,600,886.14,2026-05-11 15:31:00,531684.0
479,100071,2026-05-06,3,6,BUY,82000,100.15,2026-05-06 14:05:00,8212300.000000001
480,100078,2026-05-07,8,4,SELL,4900,904.08,2026-05-07 13:49:00,4429992.0
481,100438,2026-06-04,7,2,SELL,78000,98.23,2026-06-04 13:21:00,7661940.0
482,100446,2026-06-05,6,1,SELL,4500,553.13,2026-06-05 10:14:00,2489085.0
483,100503,2026-06-10,4,5,SELL,2300,3002.38,2026-06-10 11:11:00,6905474.0
484,100212,2026-05-19,2,4,SELL,4800,1185.52,2026-05-19 14:49:00,5690496.0
485,100153,2026-05-14,3,2,BUY,30000,101.09,2026-05-14 15:39:00,3032700.0
486,100272,2026-05-22,3,5,BUY,26000,98.09,2026-05-22 16:33:00,2550340.0
487,100196,2026-05-18,6,1,SELL,3700,839.79,2026-05-18 15:54:00,3107223.0
488,100349,2026-05-29,7,2,SELL,71000,103.49,2026-05-29 13:54:00,7347790.0
489,100445,2026-06-05,2,2,BUY,3400,2223.95,2026-06-05 09:00:00,7561429.999999999
490,100062,2026-05-06,7,6,SELL,17000,96.15,2026-05-06 13:11:00,1634550.0
491,100257,2026-05-22,5,1,SELL,600,1463.35,2026-05-22 11:34:00,878010.0
492,100555,2026-05-26,1,6,BUY,4100,0.0,2026-05-26 10:26:00,0.0
493,100456,2026-06-05,1,3,SELL,900,1329.86,2026-06-05 15:23:00,1196874.0
494,100242,2026-05-21,3,6,SELL,124000,101.15,2026-05-21 10:01:00,12542600.0
495,100535,2026-06-12,3,2,BUY,42000,95.43,2026-06-12 10:43:00,4008060.0000000005
496,100318,2026-05-27,8,2,SELL,300,178.26,2026-05-27 10:59:00,53478.0
497,100484,2026-06-09,8,3,BUY,500,3027.84,2026-06-09 11:49:00,1513920.0
498,100298,2026-05-26,7,5,SELL,161000,98.36,2026-05-26 17:34:00,15835960.0
499,100299,2026-05-26,8,6,SELL,3100,2638.03,2026-05-26 14:21:00,8177893.000000001
500,100325,2026-05-27,8,3,SELL,2000,1926.51,2026-05-27 09:16:00,3853020.0
501,100444,2026-06-05,4,4,BUY,4600,440.31,2026-06-05 12:30:00,2025426.0
502,100028,2026-05-04,4,2,BUY,2200,214.15,2026-05-04 17:14:00,471130.0
503,100241,2026-05-21,3,2,BUY,83000,104.17,2026-05-21 16:44:00,8646110.0
504,100061,2026-05-06,4,4,SELL,1800,2786.28,2026-05-06 13:22:00,5015304.0
505,100436,2026-06-04,8,3,BUY,5000,2733.86,2026-06-04 10:46:00,13669300.0
506,100238,2026-05-20,3,4,BUY,66000,103.17,2026-05-20 14:59:00,6809220.0
507,100151,2026-05-14,3,6,SELL,17000,95.46,2026-05-14 09:18:00,1622820.0
508,100300,2026-05-26,2,4,SELL,4700,2809.9,2026-05-26 09:38:00,13206530.0
509,100134,2026-05-13,1,2,SELL,3600,549.59,2026-05-13 13:28:00,1978524.0
510,100191,2026-05-18,2,1,SELL,700,2421.0,2026-05-18 14:51:00,1694700.0
511,100340,2026-05-28,4,1,BUY,2000,1562.16,2026-05-28 17:27:00,3124320.0
512,100431,2026-06-04,5,3,SELL,3300,3155.74,2026-06-04 10:08:00,10413942.0
513,100315,2026-05-26,3,4,SELL,132000,101.51,2026-05-26 13:20:00,13399320.0
514,100229,2026-05-20,3,2,SELL,134000,96.92,2026-05-20 11:09:00,12987280.0
515,100364,2026-05-29,3,5,BUY,144000,95.34,2026-05-29 10:52:00,13728960.0
516,100532,2026-06-11,4,5,BUY,2500,2646.14,2026-06-11 15:34:00,6615350.0
517,100092,2026-05-08,8,6,BUY,3700,3040.66,2026-05-08 16:44:00,11250442.0
518,100344,2026-05-28,1,4,SELL,1500,1796.27,2026-05-28 09:08:00,2694405.0
519,100188,2026-05-15,2,6,BUY,2800,1527.24,2026-05-15 12:26:00,4276272.0
520,100265,2026-05-22,6,4,SELL,4200,1000.0,2026-05-22 10:01:00,4200000.0
521,100132,2026-05-13,7,5,BUY,178000,103.69,2026-05-13 16:26:00,18456820.0
522,100483,2026-06-09,5,3,SELL,2600,2287.21,2026-06-09 14:20:00,5946746.0
523,100100,2026-05-11,4,1,SELL,2900,893.78,2026-05-11 16:36:00,2591962.0
524,100301,2026-05-26,8,3,BUY,4700,306.63,2026-05-26 16:10:00,1441161.0
525,100186,2026-05-15,3,1,BUY,80000,101.24,2026-05-15 17:45:00,8099200.0
526,100175,2026-05-15,4,3,BUY,4400,1270.37,2026-05-15 14:03:00,5589627.999999999
527,100308,2026-05-26,5,6,BUY,4500,2300.21,2026-05-26 14:30:00,10350945.0
528,100520,2026-06-10,8,5,BUY,1100,1526.43,2026-06-10 09:18:00,1679073.0
529,100368,2026-06-01,1,1,SELL,3500,3131.31,2026-06-01 09:32:00,10959585.0
530,100488,2026-06-09,1,2,SELL,1000,428.2,2026-06-09 12:22:00,428200.0
531,100228,2026-05-20,2,6,SELL,3300,1253.58,2026-05-20 14:19:00,4136813.9999999995
532,100352,2026-05-29,8,3,BUY,3500,2359.98,2026-05-29 12:03:00,8259930.0
533,100195,2026-05-18,3,6,SELL,67000,103.47,2026-05-18 14:54:00,6932490.0
534,100037,2026-05-04,7,4,SELL,64000,103.65,2026-05-04 09:10:00,6633600.0
535,100398,2026-06-02,2,4,SELL,900,2081.67,2026-06-02 12:16:00,1873503.0
536,100415,2026-06-03,6,5,SELL,4000,1347.26,2026-06-03 10:22:00,5389040.0
537,100429,2026-06-04,7,2,BUY,62000,103.14,2026-06-04 09:36:00,6394680.0
538,100266,2026-05-22,3,4,SELL,153000,96.18,2026-05-22 13:45:00,14715540.000000002
539,100303,2026-05-26,1,4,SELL,2700,611.87,2026-05-26 12:26:00,1652049.0
540,100510,2026-06-10,2,3,SELL,2100,566.18,2026-06-10 11:46:00,1188978.0
541,100027,2026-05-04,5,4,SELL,2900,2893.82,2026-05-04 16:07:00,8392078.0
542,100144,2026-05-13,7,1,SELL,200000,99.73,2026-05-13 15:24:00,19946000.0
543,100328,2026-05-27,4,2,BUY,3100,617.22,2026-05-27 14:26:00,1913382.0
544,100414,2026-06-03,8,1,SELL,4300,2781.04,2026-06-03 17:40:00,11958472.0
545,100059,2026-05-05,4,3,BUY,4500,479.69,2026-05-05 09:54:00,2158605.0
546,100247,2026-05-21,7,2,BUY,144000,104.75,2026-05-21 10:33:00,15084000.0
547,100530,2026-06-11,5,4,SELL,1700,840.04,2026-06-11 13:36:00,1428068.0
548,100154,2026-05-14,4,4,BUY,1500,1556.51,2026-05-14 13:29:00,2334765.0
549,100193,2026-05-18,2,4,SELL,4300,3020.45,2026-05-18 15:55:00,12987935.0
550,100009,2026-05-01,4,3,BUY,1500,2792.78,2026-05-01 15:17:00,4189170.0000000005
551,100268,2026-05-22,2,2,BUY,2900,676.6,2026-05-22 16:05:00,1962140.0
552,100021,2026-05-01,1,6,SELL,3300,2473.98,2026-05-01 17:58:00,8164134.0
553,100333,2026-05-28,1,4,BUY,3300,1417.04,2026-05-28 09:35:00,4676232.0
554,100284,2026-05-25,4,3,BUY,2100,2777.53,2026-05-25 14:46:00,5832813.0
555,100345,2026-05-29,5,2,SELL,3700,1973.65,2026-05-29 14:15:00,7302505.0
556,100066,2026-05-06,6,6,BUY,4700,2895.14,2026-05-06 17:19:00,13607158.0
557,100494,2026-06-09,3,5,SELL,195000,98.95,2026-06-09 09:24:00,19295250.0
558,100111,2026-05-11,1,6,BUY,1800,288.82,2026-05-11 09:35:00,519876.0
559,100306,2026-05-26,6,5,SELL,4400,2504.57,2026-05-26 13:39:00,11020108.0
560,100290,2026-05-25,8,2,BUY,3800,1226.33,2026-05-25 09:18:00,4660054.0
561,100384,2026-06-01,5,4,SELL,4900,972.79,2026-06-01 11:05:00,4766671.0
562,100524,2026-06-11,2,3,BUY,1300,1398.3,2026-06-11 17:46:00,1817790.0
563,100008,2026-05-01,5,6,SELL,3700,736.48,2026-05-01 10:02:00,2724976.0
564,100105,2026-05-11,1,1,SELL,1500,1383.42,2026-05-11 12:19:00,2075130.0
565,100407,2026-06-03,8,3,SELL,700,1486.41,2026-06-03 16:20:00,1040487.0
566,100534,2026-06-12,1,5,BUY,800,3045.23,2026-06-12 16:11:00,2436184.0
