trade_id,trade_date,security_id,trader_id,trade_type,quantity,price,last_modified_ts
100224,2026-05-19,1,6,SELL,500,1155.56,2026-05-19 17:43:00
100137,2026-05-13,2,4,BUY,4200,2688.04,2026-05-13 16:59:00
100112,2026-05-11,5,6,BUY,4100,2798.81,2026-05-11 16:06:00
100496,2026-06-09,8,2,BUY,4000,2038.49,2026-06-09 12:41:00
100254,2026-05-22,5,1,BUY,1900,1238.77,2026-05-22 09:55:00
100276,2026-05-25,2,5,BUY,2000,652.2,2026-05-25 14:59:00
100263,2026-05-22,6,3,SELL,3700,248.78,2026-05-22 11:43:00
100282,2026-05-25,5,6,SELL,3100,896.88,2026-05-25 15:19:00
100521,2026-06-11,6,3,BUY,500,1192.52,2026-06-11 15:10:00
100359,2026-05-29,6,2,SELL,2100,1412.49,2026-05-29 12:47:00
100015,2026-05-01,8,2,SELL,900,902.21,2026-05-01 17:34:00
100190,2026-05-15,6,6,SELL,2400,3058.46,2026-05-15 16:04:00
100156,2026-05-14,2,4,SELL,3800,1062.42,2026-05-14 15:44:00
100394,2026-06-02,6,2,SELL,2100,1038.92,2026-06-02 16:36:00
100178,2026-05-15,4,1,BUY,3800,808.65,2026-05-15 12:21:00
100084,2026-05-07,7,4,BUY,134000,97.19,2026-05-07 15:31:00
100455,2026-06-05,7,1,BUY,137000,101.38,2026-06-05 10:33:00
100528,2026-06-11,8,1,SELL,2600,1586.38,2026-06-11 13:05:00
100158,2026-05-14,4,4,SELL,3700,1052.41,2026-05-14 13:01:00
100293,2026-05-25,4,3,SELL,500,1328.36,2026-05-25 16:48:00
100553,2026-06-12,2,3,BUY,2500,301.44,2026-06-12 12:54:00
100222,2026-05-19,3,1,BUY,191000,99.38,2026-05-19 16:33:00
100378,2026-06-01,6,4,BUY,4500,2358.7,2026-06-01 17:47:00
100261,2026-05-22,1,1,SELL,2400,1714.91,2026-05-22 11:01:00
100240,2026-05-21,6,2,BUY,2100,2989.02,2026-05-21 14:50:00
100549,2026-06-12,1,2,BUY,3000,304.21,2026-06-12 14:45:00
100509,2026-06-10,3,1,SELL,28000,98.74,2026-06-10 15:37:00
100239,2026-05-21,7,1,SELL,138000,98.74,2026-05-21 15:05:00
100063,2026-05-06,5,1,BUY,3900,1475.42,2026-05-06 14:27:00
100150,2026-05-14,5,2,BUY,2800,3133.93,2026-05-14 10:28:00
100123,2026-05-12,5,2,BUY,400,656.06,2026-05-12 13:38:00
100346,2026-05-29,5,2,BUY,2700,1066.53,2026-05-29 09:35:00
100545,2026-06-12,6,3,SELL,3900,2118.94,2026-06-12 12:28:00
100336,2026-05-28,2,5,BUY,500,3157.72,2026-05-28 16:02:00
100504,2026-06-10,4,5,SELL,4800,2277.76,2026-06-10 09:45:00
100230,2026-05-20,2,3,BUY,3300,2501.17,2026-05-20 17:02:00
100035,2026-05-04,3,3,SELL,73000,103.74,2026-05-04 10:28:00
100327,2026-05-27,3,4,SELL,186000,96.17,2026-05-27 13:23:00
100227,2026-05-20,2,3,SELL,4200,2564.57,2026-05-20 11:42:00
100283,2026-05-25,8,1,BUY,1100,1490.8,2026-05-25 16:29:00
100286,2026-05-25,6,2,SELL,800,965.79,2026-05-25 12:09:00
100019,2026-05-01,5,5,BUY,4400,2348.2,2026-05-01 17:48:00
100040,2026-05-05,1,6,SELL,400,302.93,2026-05-05 16:32:00
100070,2026-05-06,6,4,SELL,2900,2210.66,2026-05-06 17:30:00
100208,2026-05-19,7,6,BUY,121000,95.19,2026-05-19 10:55:00
100472,2026-06-08,6,1,BUY,1200,830.71,2026-06-08 17:02:00
100374,2026-06-01,6,5,BUY,3400,2953.41,2026-06-01 12:13:00
100080,2026-05-07,5,3,SELL,3500,395.76,2026-05-07 11:14:00
100493,2026-06-09,8,2,BUY,2200,523.71,2026-06-09 16:03:00
100467,2026-06-08,2,4,SELL,3300,1248.38,2026-06-08 16:54:00
100277,2026-05-25,4,3,SELL,600,914.35,2026-05-25 17:17:00
100275,2026-05-25,3,2,SELL,138000,104.11,2026-05-25 09:53:00
100497,2026-06-09,5,4,SELL,3600,1611.04,2026-06-09 10:17:00
100183,2026-05-15,6,5,BUY,2900,1686.71,2026-05-15 09:46:00
100167,2026-05-14,7,5,SELL,33000,102.91,2026-05-14 09:16:00
100273,2026-05-22,7,4,BUY,42000,104.72,2026-05-22 10:28:00
100045,2026-05-05,2,1,SELL,4000,3195.29,2026-05-05 10:04:00
100194,2026-05-18,1,3,SELL,2300,465.98,2026-05-18 17:13:00
100538,2026-06-12,8,1,SELL,800,1414.05,2026-06-12 11:36:00
100264,2026-05-22,8,3,SELL,2900,2477.41,2026-05-22 11:33:00
100009,2026-05-01,4,3,BUY,1500,2792.78,2026-05-01 15:17:00
100230,2026-05-20,2,3,BUY,3300,2501.17,2026-05-20 17:02:00
100231,2026-05-20,6,5,BUY,3900,1299.0,2026-05-20 11:11:00
100038,2026-05-04,7,1,SELL,77000,104.27,2026-05-04 16:18:00
100440,2026-06-04,2,6,SELL,200,528.92,2026-06-04 11:28:00
100381,2026-06-01,4,3,SELL,2800,716.5,2026-06-01 15:05:00
100036,2026-05-04,2,1,BUY,600,2975.42,2026-05-04 12:10:00
100032,2026-05-04,2,1,SELL,2300,1441.91,2026-05-04 16:55:00
100353,2026-05-29,5,4,BUY,500,723.9,2026-05-29 17:13:00
100073,2026-05-07,4,4,BUY,3000,1414.05,2026-05-07 12:45:00
100199,2026-05-18,3,6,BUY,33000,102.46,2026-05-18 12:24:00
100466,2026-06-08,2,1,SELL,2800,979.54,2026-06-08 10:16:00
100050,2026-05-05,5,3,BUY,4600,1195.78,2026-05-05 13:32:00
100557,2026-06-01,1,1,SELL,3600,0.0,2026-06-01 14:55:00
100476,2026-06-09,4,6,BUY,1000,169.45,2026-06-09 15:01:00
100287,2026-05-25,2,1,SELL,2500,2785.7,2026-05-25 15:15:00
100285,2026-05-25,6,4,BUY,4900,1280.15,2026-05-25 17:06:00
100164,2026-05-14,7,2,BUY,43000,102.87,2026-05-14 14:33:00
100486,2026-06-09,2,5,SELL,5000,783.29,2026-06-09 13:29:00
100387,2026-06-02,1,3,SELL,2500,2526.47,2026-06-02 17:57:00
100129,2026-05-13,8,3,SELL,2200,1129.23,2026-05-13 10:54:00
100361,2026-05-29,3,2,SELL,68000,98.8,2026-05-29 12:31:00
100279,2026-05-25,3,5,BUY,53000,101.59,2026-05-25 14:53:00
100307,2026-05-26,8,2,BUY,1800,1852.16,2026-05-26 12:19:00
100377,2026-06-01,7,1,SELL,51000,100.64,2026-06-01 15:43:00
100297,2026-05-26,8,2,BUY,2100,2990.67,2026-05-26 14:10:00
100469,2026-06-08,1,1,BUY,1600,290.24,2026-06-08 14:24:00
100237,2026-05-20,2,3,BUY,4900,638.95,2026-05-20 16:57:00
100065,2026-05-06,4,3,SELL,500,3044.07,2026-05-06 14:39:00
100095,2026-05-08,7,4,BUY,29000,100.92,2026-05-08 12:06:00
100338,2026-05-28,7,4,SELL,106000,95.8,2026-05-28 17:08:00
100313,2026-05-26,1,6,BUY,4100,860.15,2026-05-26 10:26:00
100540,2026-06-12,7,3,SELL,177000,99.86,2026-06-12 16:02:00
100110,2026-05-11,5,1,BUY,1900,843.82,2026-05-11 11:19:00
100076,2026-05-07,1,5,BUY,800,1542.21,2026-05-07 16:42:00
100211,2026-05-19,6,1,SELL,700,892.12,2026-05-19 15:33:00
100492,2026-06-09,2,5,SELL,500,216.49,2026-06-09 10:12:00
100457,2026-06-05,3,4,BUY,14000,100.87,2026-06-05 09:16:00
100256,2026-05-22,8,4,SELL,1200,1663.42,2026-05-22 16:23:00
100485,2026-06-09,2,2,BUY,1100,1521.18,2026-06-09 14:26:00
100244,2026-05-21,2,3,BUY,2000,521.64,2026-05-21 12:26:00
100044,2026-05-05,5,4,BUY,4300,2118.78,2026-05-05 16:20:00
100451,2026-06-05,2,5,SELL,2300,3087.91,2026-06-05 14:50:00
100204,2026-05-19,8,5,SELL,300,822.58,2026-05-19 09:00:00
100101,2026-05-11,7,3,BUY,136000,103.51,2026-05-11 11:31:00
100120,2026-05-12,7,4,SELL,84000,95.33,2026-05-12 13:45:00
100536,2026-06-12,7,2,BUY,162000,97.58,2026-06-12 10:05:00
100498,2026-06-09,7,2,SELL,61000,101.43,2026-06-09 17:15:00
100051,2026-05-05,8,3,BUY,600,2084.57,2026-05-05 13:02:00
100016,2026-05-01,5,6,SELL,3800,1368.17,2026-05-01 12:08:00
100209,2026-05-19,6,5,SELL,3700,1383.49,2026-05-19 15:18:00
100291,2026-05-25,8,5,SELL,1900,1786.91,2026-05-25 10:27:00
100348,2026-05-29,7,5,SELL,188000,99.16,2026-05-29 11:19:00
100033,2026-05-04,1,6,BUY,400,1377.99,2026-05-04 14:51:00
100182,2026-05-15,7,5,BUY,200000,95.64,2026-05-15 16:49:00
100474,2026-06-08,2,5,SELL,100,1275.2,2026-06-08 13:36:00
100468,2026-06-08,3,3,BUY,75000,102.73,2026-06-08 10:14:00
100450,2026-06-05,7,5,SELL,65000,95.87,2026-06-05 10:08:00
100489,2026-06-09,7,5,BUY,183000,97.99,2026-06-09 11:01:00
100519,2026-06-10,7,4,SELL,99000,100.46,2026-06-10 10:53:00
100018,2026-05-01,7,5,BUY,108000,98.82,2026-05-01 16:33:00
100201,2026-05-18,2,1,BUY,1100,2451.03,2026-05-18 09:43:00
100022,2026-05-01,2,6,SELL,4100,1698.37,2026-05-01 12:09:00
100471,2026-06-08,6,2,SELL,4700,1125.8,2026-06-08 10:36:00
100006,2026-05-01,2,4,BUY,2300,2734.86,2026-05-01 13:51:00
100142,2026-05-13,3,4,SELL,98000,98.32,2026-05-13 17:24:00
100289,2026-05-25,8,4,SELL,3200,220.69,2026-05-25 15:32:00
100096,2026-05-08,5,6,BUY,3700,2537.04,2026-05-08 14:34:00
100075,2026-05-07,2,4,BUY,1200,2602.54,2026-05-07 17:29:00
100462,2026-06-05,7,6,BUY,24000,97.44,2026-06-05 15:07:00
100166,2026-05-14,6,1,SELL,500,579.31,2026-05-14 12:55:00
100508,2026-06-10,3,3,BUY,92000,95.6,2026-06-10 11:37:00
100516,2026-06-10,3,6,BUY,191000,101.7,2026-06-10 14:28:00
100342,2026-05-28,2,1,SELL,4000,2486.46,2026-05-28 09:15:00
100459,2026-06-05,7,4,SELL,31000,101.41,2026-06-05 17:39:00
100417,2026-06-03,2,6,BUY,2100,509.48,2026-06-03 13:07:00
100404,2026-06-02,4,4,SELL,2600,1562.34,2026-06-02 17:09:00
100122,2026-05-12,4,4,BUY,3500,835.67,2026-05-12 11:58:00
100179,2026-05-15,3,5,BUY,80000,103.58,2026-05-15 11:08:00
100355,2026-05-29,4,6,BUY,4800,3198.69,2026-05-29 16:58:00
100527,2026-06-11,8,2,BUY,200,781.21,2026-06-11 13:05:00
100217,2026-05-19,8,4,SELL,1800,1953.83,2026-05-19 14:32:00
100270,2026-05-22,5,2,BUY,2400,1701.71,2026-05-22 10:12:00
100278,2026-05-25,3,6,SELL,167000,100.33,2026-05-25 17:41:00
100454,2026-06-05,4,6,SELL,1900,2120.82,2026-06-05 12:31:00
100412,2026-06-03,7,4,BUY,190000,97.15,2026-06-03 13:48:00
100543,2026-06-12,6,1,SELL,2000,1098.4,2026-06-12 16:54:00
100548,2026-06-12,3,5,BUY,54000,96.93,2026-06-12 12:53:00
100481,2026-06-09,6,4,BUY,3800,441.51,2026-06-09 11:40:00
100314,2026-05-26,6,6,SELL,700,2227.64,2026-05-26 11:00:00
100001,2026-05-01,2,1,SELL,1600,830.79,2026-05-01 10:43:00
100218,2026-05-19,2,3,SELL,2900,264.7,2026-05-19 14:53:00
100370,2026-06-01,5,3,SELL,2600,391.01,2026-06-01 15:29:00
100386,2026-06-01,1,1,SELL,3600,433.85,2026-06-01 14:55:00
100473,2026-06-08,7,1,SELL,82000,102.74,2026-06-08 13:20:00
100464,2026-06-08,3,6,BUY,51000,99.96,2026-06-08 14:33:00
100542,2026-06-12,7,3,BUY,22000,102.46,2026-06-12 13:57:00
100280,2026-05-25,1,1,BUY,300,3043.07,2026-05-25 13:41:00
100163,2026-05-14,6,6,BUY,600,2924.36,2026-05-14 14:47:00
100410,2026-06-03,3,3,SELL,128000,97.32,2026-06-03 15:40:00
100396,2026-06-02,2,5,BUY,3800,3191.66,2026-06-02 11:43:00
100453,2026-06-05,5,6,BUY,4300,2821.27,2026-06-05 12:33:00
100418,2026-06-03,3,3,BUY,140000,98.88,2026-06-03 11:36:00
100023,2026-05-04,3,5,BUY,163000,98.24,2026-05-04 09:07:00
100259,2026-05-22,8,5,SELL,1100,2253.78,2026-05-22 14:28:00
100147,2026-05-13,3,4,BUY,29000,99.69,2026-05-13 13:21:00
100114,2026-05-11,1,3,SELL,800,2657.45,2026-05-11 15:31:00
100118,2026-05-12,1,5,BUY,4900,783.75,2026-05-12 12:16:00
100288,2026-05-25,3,3,SELL,58000,102.63,2026-05-25 16:32:00
100330,2026-05-27,8,5,SELL,500,2947.6,2026-05-27 10:03:00
100366,2026-06-01,3,1,BUY,139000,99.56,2026-06-01 09:39:00
100389,2026-06-02,5,3,SELL,1000,342.96,2026-06-02 15:17:00
100189,2026-05-15,6,4,SELL,2700,2375.32,2026-05-15 14:27:00
100136,2026-05-13,3,3,BUY,151000,99.08,2026-05-13 12:53:00
100213,2026-05-19,3,1,BUY,145000,100.1,2026-05-19 14:22:00
100202,2026-05-18,2,3,SELL,4300,1443.25,2026-05-18 16:26:00
100013,2026-05-01,6,1,BUY,300,2605.39,2026-05-01 15:17:00
100072,2026-05-06,4,6,SELL,1500,2610.02,2026-05-06 11:01:00
100426,2026-06-04,1,6,SELL,3500,816.55,2026-06-04 15:06:00
100491,2026-06-09,1,1,BUY,900,754.31,2026-06-09 15:23:00
100316,2026-05-27,1,1,BUY,3500,2402.99,2026-05-27 09:58:00
100126,2026-05-12,6,5,SELL,200,428.55,2026-05-12 09:48:00
100371,2026-06-01,4,6,BUY,2000,2236.33,2026-06-01 10:41:00
100043,2026-05-05,2,4,SELL,1700,772.99,2026-05-05 14:15:00
100127,2026-05-12,5,5,BUY,4900,2456.62,2026-05-12 16:33:00
100309,2026-05-26,6,5,SELL,1900,521.72,2026-05-26 17:24:00
100350,2026-05-29,3,4,BUY,153000,99.13,2026-05-29 15:35:00
100041,2026-05-05,3,1,BUY,57000,95.69,2026-05-05 10:43:00
100531,2026-06-11,1,2,BUY,600,2187.83,2026-06-11 17:26:00
100421,2026-06-03,1,3,BUY,3200,566.43,2026-06-03 15:35:00
100014,2026-05-01,2,2,SELL,1400,2149.09,2026-05-01 15:56:00
100495,2026-06-09,7,2,SELL,64000,104.08,2026-06-09 13:17:00
100143,2026-05-13,8,3,BUY,4500,878.36,2026-05-13 15:14:00
100500,2026-06-10,6,4,SELL,1200,229.49,2026-06-10 12:01:00
100099,2026-05-11,5,5,SELL,3000,1478.5,2026-05-11 13:20:00
100427,2026-06-04,4,3,BUY,2900,951.59,2026-06-04 10:28:00
100437,2026-06-04,8,6,SELL,500,2576.82,2026-06-04 15:13:00
100203,2026-05-18,5,2,BUY,2300,1461.24,2026-05-18 13:43:00
100089,2026-05-08,7,3,BUY,130000,95.19,2026-05-08 17:03:00
100233,2026-05-20,5,6,SELL,1500,1778.73,2026-05-20 13:51:00
100395,2026-06-02,4,3,SELL,1800,2640.31,2026-06-02 15:23:00
100236,2026-05-20,5,1,SELL,2400,1841.35,2026-05-20 10:45:00
100310,2026-05-26,7,3,BUY,84000,95.42,2026-05-26 10:22:00
100178,2026-05-15,4,1,BUY,3800,808.65,2026-05-15 12:21:00
100358,2026-05-29,6,5,SELL,3000,450.76,2026-05-29 16:48:00
100159,2026-05-14,7,3,BUY,154000,103.65,2026-05-14 09:58:00
100180,2026-05-15,5,2,BUY,4300,2792.67,2026-05-15 11:00:00
100537,2026-06-12,7,5,SELL,151000,98.26,2026-06-12 13:33:00
100541,2026-06-12,3,3,SELL,46000,101.18,2026-06-12 15:02:00
100133,2026-05-13,1,2,SELL,4000,2457.15,2026-05-13 16:48:00
100380,2026-06-01,7,3,BUY,172000,97.73,2026-06-01 16:31:00
100172,2026-05-15,2,1,BUY,3500,563.78,2026-05-15 16:23:00
100260,2026-05-22,1,6,SELL,4000,3194.36,2026-05-22 13:40:00
100329,2026-05-27,8,5,BUY,4900,904.77,2026-05-27 10:33:00
100526,2026-06-11,8,2,BUY,2400,161.64,2026-06-11 10:18:00
100148,2026-05-13,7,6,BUY,94000,103.52,2026-05-13 17:24:00
100425,2026-06-04,2,5,BUY,1800,2514.09,2026-06-04 14:34:00
100411,2026-06-03,3,2,SELL,111000,95.29,2026-06-03 12:28:00
100322,2026-05-27,6,3,BUY,1200,2013.41,2026-05-27 15:52:00
100249,2026-05-21,1,3,BUY,2300,885.43,2026-05-21 10:49:00
100181,2026-05-15,6,2,SELL,200,681.45,2026-05-15 09:08:00
100004,2026-05-01,4,4,SELL,100,2464.36,2026-05-01 11:44:00
100081,2026-05-07,7,6,BUY,190000,97.14,2026-05-07 15:26:00
100168,2026-05-14,2,4,SELL,4400,2434.49,2026-05-14 13:37:00
100413,2026-06-03,2,5,BUY,3500,720.23,2026-06-03 14:12:00
100017,2026-05-01,8,1,BUY,800,616.17,2026-05-01 11:50:00
100379,2026-06-01,6,1,BUY,2800,858.04,2026-06-01 10:21:00
100248,2026-05-21,1,4,SELL,300,2088.8,2026-05-21 14:16:00
100422,2026-06-04,8,4,SELL,2700,2315.93,2026-06-04 16:31:00
100357,2026-05-29,5,4,SELL,3500,2128.6,2026-05-29 13:16:00
100029,2026-05-04,4,1,BUY,4600,2074.86,2026-05-04 12:04:00
100125,2026-05-12,8,4,BUY,3900,271.58,2026-05-12 15:47:00
100252,2026-05-22,8,1,SELL,1300,283.61,2026-05-22 12:56:00
100406,2026-06-03,3,3,SELL,97000,99.55,2026-06-03 12:33:00
100515,2026-06-10,8,2,SELL,4800,387.31,2026-06-10 14:20:00
100187,2026-05-15,6,4,SELL,3000,1691.93,2026-05-15 15:06:00
100372,2026-06-01,1,1,SELL,2500,1300.37,2026-06-01 16:03:00
100226,2026-05-20,3,3,SELL,177000,101.98,2026-05-20 15:08:00
100271,2026-05-22,3,2,SELL,16000,98.61,2026-05-22 14:29:00
100221,2026-05-19,1,4,BUY,2200,3146.28,2026-05-19 10:32:00
100428,2026-06-04,2,2,BUY,4800,1943.17,2026-06-04 14:55:00
100246,2026-05-21,4,6,BUY,1900,1459.18,2026-05-21 14:15:00
100518,2026-06-10,2,6,BUY,400,1327.11,2026-06-10 15:10:00
100200,2026-05-18,7,4,SELL,50000,98.7,2026-05-18 14:49:00
100424,2026-06-04,5,2,SELL,3700,2414.68,2026-06-04 16:35:00
100408,2026-06-03,2,3,BUY,4600,501.01,2026-06-03 14:41:00
100525,2026-06-11,5,6,SELL,2000,874.52,2026-06-11 09:25:00
100113,2026-05-11,1,5,SELL,3100,1610.08,2026-05-11 14:11:00
100174,2026-05-15,7,3,BUY,186000,98.71,2026-05-15 16:28:00
100146,2026-05-13,2,4,BUY,3400,2926.85,2026-05-13 09:46:00
100420,2026-06-03,3,4,SELL,45000,96.87,2026-06-03 16:39:00
100124,2026-05-12,5,4,BUY,3000,2250.47,2026-05-12 15:17:00
100304,2026-05-26,8,6,BUY,4600,571.15,2026-05-26 12:35:00
100539,2026-06-12,2,1,BUY,1900,2795.8,2026-06-12 14:56:00
100463,2026-06-05,8,5,BUY,2000,2181.54,2026-06-05 11:07:00
100554,2026-06-12,4,6,BUY,4400,780.53,2026-06-12 15:32:00
100449,2026-06-05,3,4,SELL,194000,97.13,2026-06-05 11:58:00
100031,2026-05-04,3,6,SELL,72000,102.85,2026-05-04 15:12:00
100382,2026-06-01,5,2,BUY,600,967.31,2026-06-01 15:45:00
100058,2026-05-05,7,1,BUY,198000,104.24,2026-05-05 15:51:00
100558,2026-06-08,6,2,SELL,-4700,1125.8,2026-06-08 10:36:00
100343,2026-05-28,4,1,BUY,3900,252.41,2026-05-28 09:15:00
100506,2026-06-10,5,2,SELL,300,425.28,2026-06-10 12:38:00
100198,2026-05-18,6,3,BUY,1200,2803.08,2026-05-18 15:04:00
100140,2026-05-13,3,1,SELL,116000,98.4,2026-05-13 17:17:00
100295,2026-05-25,6,5,SELL,4900,590.02,2026-05-25 17:25:00
100205,2026-05-19,4,3,BUY,5000,568.57,2026-05-19 13:18:00
100206,2026-05-19,6,1,BUY,3200,2428.39,2026-05-19 11:08:00
100369,2026-06-01,7,2,BUY,34000,100.24,2026-06-01 12:12:00
100094,2026-05-08,3,3,BUY,158000,95.26,2026-05-08 13:36:00
100393,2026-06-02,3,3,SELL,164000,104.47,2026-06-02 12:30:00
100511,2026-06-10,7,6,SELL,176000,98.17,2026-06-10 17:44:00
100048,2026-05-05,5,5,BUY,4300,2642.17,2026-05-05 13:59:00
100138,2026-05-13,5,5,SELL,2700,2695.91,2026-05-13 16:15:00
100225,2026-05-19,7,3,SELL,195000,103.52,2026-05-19 11:21:00
100337,2026-05-28,5,4,BUY,5000,563.06,2026-05-28 15:23:00
100169,2026-05-14,7,6,SELL,37000,101.75,2026-05-14 16:01:00
100088,2026-05-08,4,4,SELL,2200,2471.75,2026-05-08 15:17:00
100360,2026-05-29,3,1,SELL,151000,104.35,2026-05-29 15:18:00
100010,2026-05-01,8,6,SELL,1100,1279.05,2026-05-01 12:42:00
100405,2026-06-03,1,4,BUY,1900,1418.73,2026-06-03 10:07:00
100049,2026-05-05,2,2,SELL,800,2863.62,2026-05-05 17:09:00
100416,2026-06-03,6,4,BUY,4400,2303.26,2026-06-03 13:58:00
100219,2026-05-19,5,1,BUY,4000,1961.94,2026-05-19 15:29:00
100461,2026-06-05,3,5,SELL,110000,100.86,2026-06-05 10:19:00
100185,2026-05-15,2,4,SELL,500,2892.76,2026-05-15 14:38:00
100447,2026-06-05,7,1,BUY,36000,98.13,2026-06-05 13:08:00
100470,2026-06-08,3,2,BUY,151000,103.03,2026-06-08 15:14:00
100090,2026-05-08,6,2,BUY,5000,3069.72,2026-05-08 09:48:00
100499,2026-06-09,1,4,SELL,3100,1810.78,2026-06-09 16:22:00
100026,2026-05-04,5,5,SELL,1400,2983.19,2026-05-04 12:45:00
100507,2026-06-10,4,1,SELL,100,1161.79,2026-06-10 12:51:00
100136,2026-05-13,3,3,BUY,151000,99.08,2026-05-13 12:53:00
100331,2026-05-27,4,5,BUY,1100,1150.76,2026-05-27 17:28:00
100402,2026-06-02,1,5,SELL,4900,1161.37,2026-06-02 15:06:00
100119,2026-05-12,2,2,BUY,1200,1833.58,2026-05-12 11:00:00
100522,2026-06-11,2,5,BUY,2200,1961.79,2026-06-11 16:45:00
100341,2026-05-28,7,2,BUY,127000,98.46,2026-05-28 13:12:00
100039,2026-05-04,7,6,SELL,49000,96.9,2026-05-04 12:03:00
100332,2026-05-28,4,6,SELL,600,2891.61,2026-05-28 16:51:00
100047,2026-05-05,4,3,SELL,1100,1486.46,2026-05-05 17:45:00
100077,2026-05-07,6,4,SELL,3600,1510.04,2026-05-07 11:47:00
100253,2026-05-22,1,3,SELL,3300,1364.58,2026-05-22 17:30:00
100294,2026-05-25,5,5,BUY,900,3124.0,2026-05-25 15:23:00
100057,2026-05-05,7,5,BUY,70000,103.65,2026-05-05 11:56:00
100502,2026-06-10,2,2,BUY,1800,1777.75,2026-06-10 09:48:00
100007,2026-05-01,1,6,SELL,3500,530.72,2026-05-01 15:05:00
100002,2026-05-01,2,5,SELL,300,240.88,2026-05-01 12:14:00
100121,2026-05-12,5,6,SELL,500,2246.52,2026-05-12 13:50:00
100170,2026-05-14,6,5,BUY,4200,342.81,2026-05-14 16:58:00
100547,2026-06-12,1,5,BUY,500,1098.93,2026-06-12 17:25:00
100107,2026-05-11,6,6,SELL,1800,1085.2,2026-05-11 12:07:00
100326,2026-05-27,6,6,BUY,400,2186.75,2026-05-27 16:19:00
100351,2026-05-29,3,4,BUY,75000,97.03,2026-05-29 10:59:00
100021,2026-05-01,1,6,SELL,3300,2473.98,2026-05-01 17:58:00
100083,2026-05-07,1,5,SELL,3100,167.98,2026-05-07 14:19:00
100152,2026-05-14,6,3,SELL,1000,894.8,2026-05-14 15:36:00
100477,2026-06-09,4,5,SELL,4100,2710.7,2026-06-09 09:21:00
100523,2026-06-11,1,4,BUY,3900,2863.75,2026-06-11 11:03:00
100104,2026-05-11,4,6,SELL,4200,2321.12,2026-05-11 16:50:00
100552,2026-06-12,8,5,SELL,2300,648.72,2026-06-12 13:47:00
100135,2026-05-13,8,1,BUY,4100,2007.06,2026-05-13 12:45:00
100513,2026-06-10,3,6,BUY,189000,104.49,2026-06-10 15:54:00
100312,2026-05-26,5,5,SELL,900,483.14,2026-05-26 12:15:00
100102,2026-05-11,4,3,SELL,2200,1002.96,2026-05-11 13:35:00
100255,2026-05-22,6,3,BUY,2400,1482.7,2026-05-22 15:47:00
100055,2026-05-05,3,1,SELL,103000,103.99,2026-05-05 09:57:00
100546,2026-06-12,4,4,SELL,4900,1725.33,2026-06-12 14:52:00
100145,2026-05-13,3,4,BUY,42000,100.02,2026-05-13 14:55:00
100505,2026-06-10,6,5,BUY,3700,3042.52,2026-06-10 16:34:00
100317,2026-05-27,3,4,BUY,19000,104.97,2026-05-27 15:50:00
100262,2026-05-22,3,5,SELL,18000,96.26,2026-05-22 12:49:00
100054,2026-05-05,3,5,BUY,104000,100.83,2026-05-05 11:27:00
100215,2026-05-19,3,6,BUY,55000,104.51,2026-05-19 16:29:00
100480,2026-06-09,5,1,BUY,1500,2886.73,2026-06-09 17:26:00
100311,2026-05-26,8,6,SELL,4800,1611.19,2026-05-26 12:52:00
100319,2026-05-27,6,3,SELL,4200,1807.07,2026-05-27 16:56:00
100139,2026-05-13,8,5,BUY,2500,731.36,2026-05-13 17:47:00
100490,2026-06-09,7,4,BUY,34000,99.62,2026-06-09 11:07:00
100512,2026-06-10,6,2,BUY,2500,1085.81,2026-06-10 13:08:00
100052,2026-05-05,1,3,BUY,4100,3138.38,2026-05-05 11:47:00
100362,2026-05-29,6,3,SELL,4700,2107.17,2026-05-29 16:29:00
100216,2026-05-19,8,6,SELL,4100,1114.22,2026-05-19 16:04:00
100155,2026-05-14,5,6,BUY,3000,2898.69,2026-05-14 17:10:00
100005,2026-05-01,7,3,SELL,49000,97.15,2026-05-01 14:06:00
100323,2026-05-27,7,5,SELL,32000,99.01,2026-05-27 10:11:00
100106,2026-05-11,6,4,SELL,2800,3189.73,2026-05-11 17:21:00
100079,2026-05-07,8,6,BUY,1800,1491.61,2026-05-07 13:15:00
100243,2026-05-21,5,2,BUY,3600,3017.69,2026-05-21 17:27:00
100130,2026-05-13,3,3,SELL,187000,99.95,2026-05-13 15:52:00
100281,2026-05-25,4,5,SELL,4000,2098.92,2026-05-25 16:56:00
100430,2026-06-04,6,5,SELL,3900,1793.24,2026-06-04 14:45:00
100559,2026-06-09,1,6,SELL,-4800,2368.01,2026-06-09 10:13:00
100517,2026-06-10,1,3,BUY,1600,2264.19,2026-06-10 14:16:00
100214,2026-05-19,3,2,BUY,47000,97.56,2026-05-19 11:38:00
100060,2026-05-05,8,2,BUY,3000,1216.46,2026-05-05 12:14:00
100354,2026-05-29,8,2,SELL,2000,3068.91,2026-05-29 09:13:00
100363,2026-05-29,3,6,SELL,53000,96.4,2026-05-29 17:31:00
100011,2026-05-01,5,6,BUY,3900,2086.68,2026-05-01 17:46:00
100335,2026-05-28,1,6,BUY,3800,372.74,2026-05-28 15:22:00
100056,2026-05-05,6,2,BUY,4300,463.52,2026-05-05 17:56:00
100339,2026-05-28,6,1,BUY,3500,1348.83,2026-05-28 11:46:00
100383,2026-06-01,3,6,SELL,91000,98.61,2026-06-01 10:00:00
100305,2026-05-26,6,6,SELL,3400,1299.32,2026-05-26 11:29:00
100025,2026-05-04,8,1,BUY,900,2162.24,2026-05-04 17:10:00
100320,2026-05-27,3,5,SELL,79000,96.93,2026-05-27 10:21:00
100432,2026-06-04,7,1,SELL,177000,96.27,2026-06-04 11:15:00
100131,2026-05-13,1,4,BUY,2100,919.82,2026-05-13 10:49:00
100544,2026-06-12,2,2,BUY,2000,3121.37,2026-06-12 16:49:00
100550,2026-06-12,4,3,SELL,3000,1690.64,2026-06-12 10:43:00
100433,2026-06-04,3,6,SELL,73000,102.61,2026-06-04 15:31:00
100334,2026-05-28,8,6,SELL,4700,216.4,2026-05-28 13:52:00
100365,2026-06-01,1,1,SELL,900,2719.76,2026-06-01 12:04:00
100529,2026-06-11,7,2,SELL,107000,98.69,2026-06-11 16:02:00
100064,2026-05-06,2,4,BUY,1700,285.38,2026-05-06 15:00:00
100452,2026-06-05,3,2,SELL,175000,95.84,2026-06-05 17:38:00
100259,2026-05-22,8,5,SELL,1100,2253.78,2026-05-22 14:28:00
100409,2026-06-03,2,6,BUY,4800,893.93,2026-06-03 11:35:00
100012,2026-05-01,4,2,SELL,2500,973.34,2026-05-01 17:14:00
100419,2026-06-03,7,4,BUY,134000,101.36,2026-06-03 11:35:00
100109,2026-05-11,4,6,SELL,1800,2359.98,2026-05-11 17:38:00
100068,2026-05-06,7,6,SELL,183000,102.48,2026-05-06 11:39:00
100401,2026-06-02,2,1,BUY,4300,2177.32,2026-06-02 11:41:00
100115,2026-05-12,1,2,BUY,3700,3044.83,2026-05-12 10:15:00
100117,2026-05-12,7,4,SELL,86000,103.6,2026-05-12 15:19:00
100423,2026-06-04,3,1,BUY,66000,97.92,2026-06-04 13:14:00
100482,2026-06-09,7,1,BUY,121000,101.62,2026-06-09 11:15:00
100085,2026-05-08,7,3,SELL,195000,96.65,2026-05-08 16:58:00
100097,2026-05-11,6,1,SELL,100,2741.21,2026-05-11 16:06:00
100385,2026-06-01,3,4,SELL,152000,100.55,2026-06-01 15:06:00
100184,2026-05-15,5,4,BUY,400,3195.69,2026-05-15 15:27:00
100448,2026-06-05,7,2,BUY,27000,100.31,2026-06-05 09:39:00
100478,2026-06-09,1,6,SELL,4800,2368.01,2026-06-09 10:13:00
100069,2026-05-06,5,4,BUY,2000,1025.09,2026-05-06 15:50:00
100533,2026-06-12,8,5,BUY,3100,1061.5,2026-06-12 15:57:00
100441,2026-06-04,8,1,SELL,1300,3186.87,2026-06-04 11:56:00
100173,2026-05-15,7,5,BUY,116000,101.55,2026-05-15 16:39:00
100269,2026-05-22,6,6,SELL,4600,348.06,2026-05-22 17:18:00
100551,2026-06-12,1,2,SELL,3200,1961.83,2026-06-12 11:55:00
100267,2026-05-22,8,2,SELL,4500,2945.26,2026-05-22 16:12:00
100373,2026-06-01,1,6,BUY,600,1674.57,2026-06-01 15:41:00
100234,2026-05-20,8,2,SELL,4400,3038.75,2026-05-20 16:29:00
100149,2026-05-13,6,6,SELL,3500,259.49,2026-05-13 10:15:00
100486,2026-06-09,2,5,SELL,5000,783.29,2026-06-09 13:29:00
100024,2026-05-04,6,3,BUY,400,884.66,2026-05-04 10:05:00
100034,2026-05-04,2,2,BUY,1300,1785.67,2026-05-04 11:27:00
100086,2026-05-08,3,5,BUY,110000,100.92,2026-05-08 09:05:00
100157,2026-05-14,5,4,SELL,1300,3198.09,2026-05-14 16:06:00
100302,2026-05-26,7,2,BUY,18000,100.73,2026-05-26 10:12:00
100258,2026-05-22,5,3,BUY,600,1150.16,2026-05-22 13:19:00
100435,2026-06-04,2,4,SELL,4500,3005.83,2026-06-04 14:29:00
100053,2026-05-05,8,5,SELL,3600,179.49,2026-05-05 10:56:00
100443,2026-06-05,6,6,BUY,400,1358.84,2026-06-05 13:46:00
100160,2026-05-14,8,3,BUY,3900,2595.89,2026-05-14 12:40:00
100177,2026-05-15,4,6,BUY,400,2549.72,2026-05-15 12:08:00
100356,2026-05-29,4,6,BUY,2600,2941.14,2026-05-29 17:20:00
100116,2026-05-12,2,5,SELL,3900,1968.19,2026-05-12 12:49:00
100128,2026-05-13,8,3,BUY,3800,1479.45,2026-05-13 16:05:00
100376,2026-06-01,1,2,SELL,200,3082.48,2026-06-01 11:48:00
100321,2026-05-27,3,6,SELL,175000,97.57,2026-05-27 11:00:00
100434,2026-06-04,3,5,SELL,170000,99.14,2026-06-04 16:04:00
100347,2026-05-29,3,6,SELL,152000,99.96,2026-05-29 14:41:00
100010,2026-05-01,8,6,SELL,1100,1279.05,2026-05-01 12:42:00
100098,2026-05-11,7,3,SELL,191000,96.53,2026-05-11 11:46:00
100487,2026-06-09,5,1,BUY,1100,2613.17,2026-06-09 13:52:00
100388,2026-06-02,4,5,BUY,4400,1311.23,2026-06-02 11:17:00
100165,2026-05-14,5,2,SELL,3100,3100.52,2026-05-14 13:47:00
100556,2026-05-25,5,6,SELL,-3100,896.88,2026-05-25 15:19:00
100192,2026-05-18,3,5,BUY,160000,104.57,2026-05-18 17:21:00
100375,2026-06-01,8,3,BUY,500,2237.51,2026-06-01 13:57:00
100479,2026-06-09,4,4,SELL,400,3116.31,2026-06-09 11:45:00
100274,2026-05-22,8,6,SELL,900,2827.78,2026-05-22 17:40:00
100020,2026-05-01,5,6,SELL,800,1045.18,2026-05-01 11:29:00
100475,2026-06-08,5,6,BUY,3000,1273.23,2026-06-08 16:49:00
100197,2026-05-18,1,5,SELL,200,700.27,2026-05-18 13:58:00
100245,2026-05-21,8,1,BUY,3200,1970.05,2026-05-21 09:40:00
100439,2026-06-04,3,5,SELL,97000,103.94,2026-06-04 09:02:00
100207,2026-05-19,7,5,BUY,138000,100.59,2026-05-19 14:04:00
100220,2026-05-19,1,4,BUY,2100,1995.27,2026-05-19 17:09:00
100460,2026-06-05,3,3,BUY,89000,95.79,2026-06-05 12:51:00
100223,2026-05-19,3,3,SELL,82000,98.87,2026-05-19 14:43:00
100514,2026-06-10,1,2,SELL,4000,823.73,2026-06-10 10:59:00
100067,2026-05-06,7,3,SELL,188000,97.96,2026-05-06 11:12:00
100046,2026-05-05,4,5,SELL,900,2996.44,2026-05-05 10:56:00
100400,2026-06-02,7,5,SELL,149000,95.37,2026-06-02 14:44:00
100391,2026-06-02,8,5,BUY,3000,476.27,2026-06-02 13:00:00
100403,2026-06-02,1,1,SELL,1500,1707.56,2026-06-02 17:35:00
100251,2026-05-22,8,6,SELL,4100,705.95,2026-05-22 11:04:00
100082,2026-05-07,6,5,SELL,2700,339.91,2026-05-07 15:24:00
100392,2026-06-02,7,3,SELL,94000,99.4,2026-06-02 15:52:00
100296,2026-05-26,1,1,BUY,900,2326.46,2026-05-26 16:33:00
100087,2026-05-08,7,2,SELL,56000,95.5,2026-05-08 15:20:00
100397,2026-06-02,1,6,SELL,4600,789.43,2026-06-02 13:53:00
100390,2026-06-02,7,3,SELL,29000,98.61,2026-06-02 12:46:00
100108,2026-05-11,4,3,BUY,4800,1784.39,2026-05-11 11:12:00
100141,2026-05-13,1,3,SELL,3800,1918.77,2026-05-13 16:55:00
100232,2026-05-20,3,6,SELL,21000,99.11,2026-05-20 12:28:00
100003,2026-05-01,1,5,BUY,4600,2132.15,2026-05-01 17:26:00
100030,2026-05-04,1,3,BUY,3300,875.91,2026-05-04 16:13:00
100501,2026-06-10,5,1,SELL,3400,1240.17,2026-06-10 12:10:00
100161,2026-05-14,4,5,SELL,4400,2454.51,2026-05-14 11:40:00
100091,2026-05-08,1,2,BUY,200,2045.07,2026-05-08 12:08:00
100324,2026-05-27,3,4,SELL,73000,95.07,2026-05-27 15:15:00
100171,2026-05-14,5,6,SELL,800,576.32,2026-05-14 09:19:00
100250,2026-05-21,6,2,BUY,2300,1815.34,2026-05-21 11:53:00
100042,2026-05-05,4,4,BUY,3700,900.96,2026-05-05 09:39:00
100399,2026-06-02,3,6,SELL,106000,95.74,2026-06-02 16:37:00
100093,2026-05-08,5,3,BUY,3900,2002.1,2026-05-08 10:49:00
100367,2026-06-01,8,6,SELL,200,170.17,2026-06-01 17:26:00
100442,2026-06-05,5,2,SELL,600,2146.49,2026-06-05 13:05:00
100162,2026-05-14,2,6,BUY,2000,2555.26,2026-05-14 09:37:00
100074,2026-05-07,7,4,SELL,72000,96.48,2026-05-07 09:57:00
100235,2026-05-20,5,4,SELL,1100,2641.52,2026-05-20 11:55:00
100465,2026-06-08,5,2,SELL,900,2436.82,2026-06-08 13:46:00
100458,2026-06-05,4,1,BUY,2600,1695.16,2026-06-05 17:49:00
100292,2026-05-25,3,3,SELL,113000,98.66,2026-05-25 15:03:00
100210,2026-05-19,2,4,BUY,2100,674.21,2026-05-19 16:53:00
100176,2026-05-15,7,3,BUY,41000,104.49,2026-05-15 16:05:00
100103,2026-05-11,1,5,BUY,600,886.14,2026-05-11 15:31:00
100071,2026-05-06,3,6,BUY,82000,100.15,2026-05-06 14:05:00
100078,2026-05-07,8,4,SELL,4900,904.08,2026-05-07 13:49:00
100438,2026-06-04,7,2,SELL,78000,98.23,2026-06-04 13:21:00
100446,2026-06-05,6,1,SELL,4500,553.13,2026-06-05 10:14:00
100503,2026-06-10,4,5,SELL,2300,3002.38,2026-06-10 11:11:00
100212,2026-05-19,2,4,SELL,4800,1185.52,2026-05-19 14:49:00
100153,2026-05-14,3,2,BUY,30000,101.09,2026-05-14 15:39:00
100272,2026-05-22,3,5,BUY,26000,98.09,2026-05-22 16:33:00
100196,2026-05-18,6,1,SELL,3700,839.79,2026-05-18 15:54:00
100349,2026-05-29,7,2,SELL,71000,103.49,2026-05-29 13:54:00
100445,2026-06-05,2,2,BUY,3400,2223.95,2026-06-05 09:00:00
100062,2026-05-06,7,6,SELL,17000,96.15,2026-05-06 13:11:00
100257,2026-05-22,5,1,SELL,600,1463.35,2026-05-22 11:34:00
100555,2026-05-26,1,6,BUY,4100,0.0,2026-05-26 10:26:00
100456,2026-06-05,1,3,SELL,900,1329.86,2026-06-05 15:23:00
100242,2026-05-21,3,6,SELL,124000,101.15,2026-05-21 10:01:00
100535,2026-06-12,3,2,BUY,42000,95.43,2026-06-12 10:43:00
100318,2026-05-27,8,2,SELL,300,178.26,2026-05-27 10:59:00
100484,2026-06-09,8,3,BUY,500,3027.84,2026-06-09 11:49:00
100298,2026-05-26,7,5,SELL,161000,98.36,2026-05-26 17:34:00
100299,2026-05-26,8,6,SELL,3100,2638.03,2026-05-26 14:21:00
100325,2026-05-27,8,3,SELL,2000,1926.51,2026-05-27 09:16:00
100444,2026-06-05,4,4,BUY,4600,440.31,2026-06-05 12:30:00
100028,2026-05-04,4,2,BUY,2200,214.15,2026-05-04 17:14:00
100241,2026-05-21,3,2,BUY,83000,104.17,2026-05-21 16:44:00
100061,2026-05-06,4,4,SELL,1800,2786.28,2026-05-06 13:22:00
100436,2026-06-04,8,3,BUY,5000,2733.86,2026-06-04 10:46:00
100238,2026-05-20,3,4,BUY,66000,103.17,2026-05-20 14:59:00
100151,2026-05-14,3,6,SELL,17000,95.46,2026-05-14 09:18:00
100300,2026-05-26,2,4,SELL,4700,2809.9,2026-05-26 09:38:00
100134,2026-05-13,1,2,SELL,3600,549.59,2026-05-13 13:28:00
100191,2026-05-18,2,1,SELL,700,2421.0,2026-05-18 14:51:00
100340,2026-05-28,4,1,BUY,2000,1562.16,2026-05-28 17:27:00
100431,2026-06-04,5,3,SELL,3300,3155.74,2026-06-04 10:08:00
100315,2026-05-26,3,4,SELL,132000,101.51,2026-05-26 13:20:00
100229,2026-05-20,3,2,SELL,134000,96.92,2026-05-20 11:09:00
100364,2026-05-29,3,5,BUY,144000,95.34,2026-05-29 10:52:00
100532,2026-06-11,4,5,BUY,2500,2646.14,2026-06-11 15:34:00
100092,2026-05-08,8,6,BUY,3700,3040.66,2026-05-08 16:44:00
100344,2026-05-28,1,4,SELL,1500,1796.27,2026-05-28 09:08:00
100188,2026-05-15,2,6,BUY,2800,1527.24,2026-05-15 12:26:00
100265,2026-05-22,6,4,SELL,4200,1000.0,2026-05-22 10:01:00
100132,2026-05-13,7,5,BUY,178000,103.69,2026-05-13 16:26:00
100483,2026-06-09,5,3,SELL,2600,2287.21,2026-06-09 14:20:00
100100,2026-05-11,4,1,SELL,2900,893.78,2026-05-11 16:36:00
100301,2026-05-26,8,3,BUY,4700,306.63,2026-05-26 16:10:00
100186,2026-05-15,3,1,BUY,80000,101.24,2026-05-15 17:45:00
100175,2026-05-15,4,3,BUY,4400,1270.37,2026-05-15 14:03:00
100308,2026-05-26,5,6,BUY,4500,2300.21,2026-05-26 14:30:00
100520,2026-06-10,8,5,BUY,1100,1526.43,2026-06-10 09:18:00
100368,2026-06-01,1,1,SELL,3500,3131.31,2026-06-01 09:32:00
100488,2026-06-09,1,2,SELL,1000,428.2,2026-06-09 12:22:00
100228,2026-05-20,2,6,SELL,3300,1253.58,2026-05-20 14:19:00
100352,2026-05-29,8,3,BUY,3500,2359.98,2026-05-29 12:03:00
100195,2026-05-18,3,6,SELL,67000,103.47,2026-05-18 14:54:00
100037,2026-05-04,7,4,SELL,64000,103.65,2026-05-04 09:10:00
100398,2026-06-02,2,4,SELL,900,2081.67,2026-06-02 12:16:00
100415,2026-06-03,6,5,SELL,4000,1347.26,2026-06-03 10:22:00
100429,2026-06-04,7,2,BUY,62000,103.14,2026-06-04 09:36:00
100266,2026-05-22,3,4,SELL,153000,96.18,2026-05-22 13:45:00
100303,2026-05-26,1,4,SELL,2700,611.87,2026-05-26 12:26:00
100510,2026-06-10,2,3,SELL,2100,566.18,2026-06-10 11:46:00
100027,2026-05-04,5,4,SELL,2900,2893.82,2026-05-04 16:07:00
100144,2026-05-13,7,1,SELL,200000,99.73,2026-05-13 15:24:00
100328,2026-05-27,4,2,BUY,3100,617.22,2026-05-27 14:26:00
100414,2026-06-03,8,1,SELL,4300,2781.04,2026-06-03 17:40:00
100059,2026-05-05,4,3,BUY,4500,479.69,2026-05-05 09:54:00
100247,2026-05-21,7,2,BUY,144000,104.75,2026-05-21 10:33:00
100530,2026-06-11,5,4,SELL,1700,840.04,2026-06-11 13:36:00
100154,2026-05-14,4,4,BUY,1500,1556.51,2026-05-14 13:29:00
100193,2026-05-18,2,4,SELL,4300,3020.45,2026-05-18 15:55:00
100009,2026-05-01,4,3,BUY,1500,2792.78,2026-05-01 15:17:00
100268,2026-05-22,2,2,BUY,2900,676.6,2026-05-22 16:05:00
100021,2026-05-01,1,6,SELL,3300,2473.98,2026-05-01 17:58:00
100333,2026-05-28,1,4,BUY,3300,1417.04,2026-05-28 09:35:00
100284,2026-05-25,4,3,BUY,2100,2777.53,2026-05-25 14:46:00
100345,2026-05-29,5,2,SELL,3700,1973.65,2026-05-29 14:15:00
100066,2026-05-06,6,6,BUY,4700,2895.14,2026-05-06 17:19:00
100494,2026-06-09,3,5,SELL,195000,98.95,2026-06-09 09:24:00
100111,2026-05-11,1,6,BUY,1800,288.82,2026-05-11 09:35:00
100306,2026-05-26,6,5,SELL,4400,2504.57,2026-05-26 13:39:00
100290,2026-05-25,8,2,BUY,3800,1226.33,2026-05-25 09:18:00
100384,2026-06-01,5,4,SELL,4900,972.79,2026-06-01 11:05:00
100524,2026-06-11,2,3,BUY,1300,1398.3,2026-06-11 17:46:00
100008,2026-05-01,5,6,SELL,3700,736.48,2026-05-01 10:02:00
100105,2026-05-11,1,1,SELL,1500,1383.42,2026-05-11 12:19:00
100407,2026-06-03,8,3,SELL,700,1486.41,2026-06-03 16:20:00
100534,2026-06-12,1,5,BUY,800,3045.23,2026-06-12 16:11:00
